manga,author,publisher,demographic,num_of_vol,serialized,sales,sales_per_vol,genre,isbn_10,isbn_13,description,cover_image_url,tags,rating_avg,year,year_bucket,amazon_link
Spy × Family,Tatsuya Endo,Shueisha,Shōnen,10,2019–present,27million,2.70 million,Action,1974715469,9.78197E+12,"Not one to depend on others, Twilight has his work cut out for him procuring both a wife and a child for his mission to infiltrate an elite private school. What he doesn’t know is that the wife he’s chosen is an assassin and the child he’s adopted is a telepath!",http://books.google.com/books/content?id=ud3lDwAAQBAJ&printsec=frontcover&img=1&zoom=1&edge=curl&source=gbs_api,"Family Life, Espionage, Found Family, War, Surreal Comedy",83,2019,modern,https://www.amazon.com/s?k=9781974715466
The Quintessential Quintuplets,Negi Haruba,Kodansha,Shōnen,14,2017–2020,20million,1.42 million,Romance,1632367742,9.78163E+12,"One day, a poor high school second-year named Futaro Uesugi comes across a private tutoring gig with good pay. But his pupils are his classmates!! And they’re quintuplets!! They’re all gorgeous girls, but they’re troublemakers who hate to study and are on the verge of flunking out! And his first task is simply gaining the sisters’ trust?! Every day is a party! The curtain is rising on the Nakano quintuplets’ quirky romantic comedy with five times the cute!!",http://books.google.com/books/content?id=lFlgDwAAQBAJ&printsec=frontcover&img=1&zoom=1&edge=curl&source=gbs_api,"Twins, Female Harem, Primarily Female Cast, Coming of Age, Love Triangle",77,2017,modern,https://www.amazon.com/s?k=9781632367747
Demon Slayer: Kimetsu no Yaiba,Koyoharu Gotouge,Shueisha,Shōnen,23,2016–2020,150million,6.52 million,Action,1974700526,9.78197E+12,"The setting is Taisho era Japan. Tanjirou is a kindhearted young boy who lived peacefully with his family as a coal seller. Their normal life changes completely when his family is slaughtered by demons. The only other survivor, Tanjirou's younger sister Nezuko, has become a ferocious demon. In order to return Nezuko to normal and get revenge on the demon that killed their family, the two of them depart on a journey. From a young talent, an adventure tale of blood and swords begins!",http://books.google.com/books/content?id=OINZDwAAQBAJ&printsec=frontcover&img=1&zoom=1&edge=curl&source=gbs_api,"Demons, Shounen, Swordplay, Tragedy, Male Protagonist",79,2016,modern,https://www.amazon.com/s?k=9781974700523
Assassination Classroom,Yūsei Matsui,Shueisha,Shōnen,21,2012–2016,25million,1.19 million,Action,1518214002,9.78152E+12,"Meet the would-be assassins of class 3-E: Sugino, who let his grades slip and got kicked off the baseball team. Karma, who’s doing well in his classes but keeps getting suspended for fighting. And Okuda, who lacks both academic and social skills, yet excels at one subject: chemistry. Who has the best chance of winning that reward? Will the deed be accomplished through pity, brute force or poison...? And what chance does their teacher have of repairing his students’ tattered self-esteem?",,"Teacher, Assassins, School, Shounen, Ensemble Class",81,2012,Modern,https://www.amazon.com/s?k=9781518214004
Haikyu!!,Haruichi Furudate,Shueisha,Shōnen,45,2012–2020,55million,1.22 million,Sports,1421587661,9.78142E+12,"A chance event triggered Shouyou Hinata's love for volleyball. His club had no members, but somehow persevered and finally made it into its very first and final regular match of middle school, where it was steamrolled by Tobio Kageyama, a superstar player known as ""King of the Court."" Vowing revenge, Hinata applied to the Karasuno High School volleyball club...only to come face-to-face with his hated rival, Kageyama! A tale of hot-blooded youth and volleyball!",https://s4.anilist.co/file/anilistcdn/media/manga/cover/medium/bx65243-mR4MnJFmfaOF.png,"Volleyball, Male Protagonist, Shounen, Coming of Age, School Club",88,2012,modern,https://www.amazon.com/s?k=9781421587660
JoJo's Bizarre Adventure,Hirohiko Araki,Shueisha,Shōnen/Seinen,131,1987–present,120million,0.92 million,Adventure,1421578798,9.78142E+12,"Young Jonathan Joestar’s life is forever changed when he meets his new adopted brother, Dio. For some reason, Dio has a smoldering grudge against him and derives pleasure from seeing him suffer. But every man has his limits, as Dio finds out. This is the beginning of a long and hateful relationship! -- VIZ Media",http://books.google.com/books/content?id=do9gBAAAQBAJ&printsec=frontcover&img=1&zoom=1&edge=curl&source=gbs_api,"Philosophy, Autobiographical, Vampire, Super Power, Foreign",73,2011,modern,https://www.amazon.com/s?k=9781421578798
Attack on Titan,Hajime Isayama,Kodansha,Shōnen,34,2009–2021,110million,3.23 million,Action,1612620244,9.78161E+12,"In this post-apocalyptic sci-fi story, humanity has been devastated by the bizarre, giant humanoids known as the Titans. Little is known about where they came from or why they are bent on consuming mankind. Seemingly unintelligent, they have roamed the world for years, killing everyone they see. For the past century, what's left of man has hidden in a giant, three-walled city. People believe their 50-meter-high walls will protect them from the Titans, but the sudden appearance of an immense Titan is about to change everything.",http://books.google.com/books/content?id=SraQEAAAQBAJ&printsec=frontcover&img=1&zoom=1&source=gbs_api,"Dystopian, Anti-Hero, War, Philosophy, Conspiracy",84,2009,2000s,https://www.amazon.com/s?k=9781612620244
One-Punch Man,"One, Yusuke Murata",Shueisha,Seinen,26,2012–present,30million,1.15 million,Action,1421585642,9.78142E+12,"In this new action-comedy, everything about a young man named Saitama screams ""AVERAGE,” from his lifeless expression, to his bald head, to his unimpressive physique. However, this average-looking fellow doesn't have your average problem... He's actually a superhero that's looking for tough opponents! The problem is, every time he finds a promising candidate he beats the snot out of them in one punch. Can Saitama finally find an evil villain strong enough to challenge him? Follow Saitama through his hilarious romps as he searches for new bad guys to challenge!",https://s4.anilist.co/file/anilistcdn/media/manga/cover/medium/bx85364-O28PUKbABg8y.jpg,"Superhero, Super Power, Meta, Philosophy, Parody",85,2012,2000s,https://www.amazon.com/s?k=9781421585642
Kuroko's Basketball,Tadatoshi Fujimaki,Shueisha,Shōnen,30,2008–2014,31million,1.03 million,Sports,1421587718,9.78142E+12,"When incoming first-year student Taiga Kagami joins the Seirin High basketball team, he meets Tetsuya Kuroko, a mysterious boy who’s plain beyond words. But Kagami’s in for the shock of his life when he learns that the practically invisible Kuroko was once a member of “the Miracle Generation”— the undefeated legendary team—and he wants Kagami’s help taking down each of his old teammates!",http://books.google.com/books/content?id=Q4hKDAAAQBAJ&printsec=frontcover&img=1&zoom=1&edge=curl&source=gbs_api,"School, Basketball, Shounen, Super Power, School Club",77,2008,2000s,https://www.amazon.com/s?k=9781421587714
Yowamushi Pedal,Wataru Watanabe,Akita Shoten,Shōnen,80,2008–present,28million,0.35 million,Sports,,9.78032E+12,"Power-pedaling Sakamichi Onoda has long been conquering the steepest slopes and regularly making the ninety-kilometer round-trip to Akihabara on a mommy bike!! But when his bike commute to his new hgih school lands him in a confrontation with the sreious first-year road racer Imaizumi, Onoda has a major showdown on his hands! Can this meek geek really out-pedal the future ace of the school road-racing team?!",https://s4.anilist.co/file/anilistcdn/media/manga/cover/medium/bx53627-fHXEQ3eT0zPN.png,"Cycling, Shounen, School Club, Primarily Male Cast, School",78,2008,2000s,https://www.amazon.com/s?k=9780316309523
Chihayafuru,Yuki Suetsugu,Kodansha,Josei,50,2007–2022,27million,0.53 million,Drama,,9.78168E+12,"Both the Mizusawa High Karuta Club and Hokuou Academy have made it out of the Tokyo qualifiers, one of the toughest districts across the country. They go next to Omi Shrine for the finals, aiming to win it all. There they find a daunting wall consisting of unconventional tactics and the extraordinary players who use them. Mizusawa's goal has always been to be the best in Japan, a distant dream that can only be attained by a tenacious team that puts in the effort to win their way through the tournament. Chihaya and the rest believe in themselves and in their friends as the battle begins!",http://books.google.com/books/content?id=Ixh0DwAAQBAJ&printsec=frontcover&img=1&zoom=1&edge=curl&source=gbs_api,"Karuta, Female Protagonist, Josei, Coming of Age, School Club",86,2007,2000s,https://www.amazon.com/s?k=9781682335673
Space Brothers,Chūya Koyama,Kodansha,Seinen,42,2007–present,28million,0.67 million,Science Fiction,,9.78168E+12,"Two brothers looked to the starry skies as children and made a promise ... Now, in the year 2025, the younger brother, Hibito, is carrying his out. He is an astronaut who has been selected as a crew member for mankind’s first long-term base on the moon. Meanwhile, the older brother, Mutta, has just been fired from his job and is unemployed, but decides to trust himself just one last time. A text message from Hibito sends him applying to be an astronaut too and shooting for the stars ",https://s4.anilist.co/file/anilistcdn/media/manga/cover/medium/bx44483-j8urUUmaCOaD.jpg,"Space, Educational, Seinen, Work, Astronomy",86,2007,2000s,https://www.amazon.com/s?k=9781682330388
Black Butler,Yana Toboso,Square Enix,Shōnen,32,2006–present,32million,1.00 million,Fantasy,,9.78032E+12,"In Victorian era Europe, a young boy loses everything he once held near and dear to a vicious plot. In his moment of death, he strikes a deal with a demon: his soul, in exchange for revenge. Ciel Phantomhive is now the head of the Phantomhive corporation, handling all business affairs as well as the underground work for the Queen of England. His new partner is a demon butler, Sebastian Michaelis, whose prowess as a butler is only surpassed by his strength as a demon. The story follows the two along with their other servants, as they work to unravel the plot behind Ciel's parents' murder, and the horrendous tragedies that befell Ciel in the month directly after.",http://books.google.com/books/content?id=3Ls4rgEACAAJ&printsec=frontcover&img=1&zoom=1&source=gbs_api,"Demons, Revenge, Tragedy, Crime, Historical",81,2006,2000s,https://www.amazon.com/s?k=9780316080842
Kingdom,Yasuhisa Hara,Shueisha,Seinen,66,2006–present,92million,1.39 million,Historical,, 9784088770796,"Xin’s quest begins when his friend Piao, another war orphan who shares his dream of becoming a great general, is taken away by a mysterious minister to the capital, and Xin is left to work and train on his own. But one fateful night, Piao returns bloodied and on the brink of death, with his dying words being for Xin to carry on their dreams and meet a certain person in a nearby village. Xin rushes to fulfill Piao’s final request, only to meet a boy who looks exactly like Piao. But this is no ordinary boy—it’s the king of Qin, Ying Zheng! And assassins are hot on his tail!",https://s4.anilist.co/file/anilistcdn/media/manga/cover/medium/nx46765-KPXir4sRqJBW.png,"Military, Historical, War, Ancient China, Royal Affairs",89,2006,2000s,https://www.amazon.com/s?k= 9784088770796
Fairy Tail,Hiro Mashima,Kodansha,Shōnen,63,2006–2017,72million,1.14 million,Adventure,1632366096,9.78163E+12,"Cute girl wizard Lucy wants to join the Fairy Tail, a club for the most powerful wizards. But instead her ambitions land her in the clutches of a gang of unsavory pirates led by a devious magician. Her only hope is Natsu, a strange boy she happens to meet on her travels. Natsu’s not your typical hero—he gets motion sickness, eats like a pig, and his best friend is a talking cat. With friends like this, is Lucy better off with her enemies?",http://books.google.com/books/content?id=pY6QEAAAQBAJ&printsec=frontcover&img=1&zoom=1&source=gbs_api,"Ensemble Cast, Magic, Shounen, Dragons, Found Family
",70,2006,2000s,https://www.amazon.com/s?k=9781632366092
Reborn!,Akira Amano,Shueisha,Shōnen,42,2004–2012,30million,0.71 million,Action,1421506718,9.78142E+12,"Tsunayoshi Sawada (Tsuna for short) is a cowardly junior high student who doesn't excel at academics or sports. He only attends school so he can stare at his beautiful classmate Kyoko from afar. But Tsuna's life takes a dramatic turn when Reborn, a suit-wearing, gun-toting baby who claims to be an Italian hit man, shows up at his house. Reborn was sent to Japan to groom Tsuna for his future life as a big Mafia boss. Tsuna doesn't believe this absurd story, so Reborn shoots Tsuna in the head with his gun. As Tsuna faces his own death, he's filled with regret that he never confessed his feelings to Kyoko...and suddenly he's overcome with supernatural powers that allow him to run off screaming to tell Kyoko how much he loves her. After five minutes, Tsuna goes back to normal. Reborn explains how his gun works: when he shoots a person in the head, if that person has regrets about her life, then she will die and be reborn, temporarily endowed with special powers that enable her to fix or solve whatever is the source of her regret. (If Reborn shoots someone who is free of regret, she would die.) Tsuna becomes Reborn's disciple, and because Reborn shoots Tsuna in the head all the time, he is constantly being reborn and growing into a stronger and better person, gradually impressing those around him and making friends.",http://books.google.com/books/content?id=BWM6GQAACAAJ&printsec=frontcover&img=1&zoom=1&source=gbs_api,"Mafia, Shounen, Super Power, Male Protagonist, School",77,2004,2000s,https://www.amazon.com/s?k=9781421506715
Death Note,"Tsugumi Ohba, Takeshi Obata",Shueisha,Shōnen,12,2003–2006,30million,2.50 million,Mystery,1421501686,9.78142E+12,"Light Yagami is an ace student with great prospects—and he’s bored out of his mind. But all that changes when he finds the Death Note, a notebook dropped by a rogue Shinigami death god. Any human whose name is written in the notebook dies, and Light has vowed to use the power of the Death Note to rid the world of evil. But will Light succeed in his noble goal, or will the Death Note turn him into the very thing he fights against?",https://s4.anilist.co/file/anilistcdn/media/manga/cover/medium/bx30021-FE6kmrfpuKyb.jpg,"Detective, Tragedy, Anti-Hero, Police, Urban Fantasy",84,2003,2000s,https://www.amazon.com/s?k=9781421501680
Bleach,Tite Kubo,Shueisha,Shōnen,74,2001–2016,130million,1.75 million,Action,1591164418,9.78159E+12,"Ichigo Kurosaki has always been able to see ghosts, but this ability doesn't change his life nearly as much as his close encounter with Rukia Kuchiki, a Soul Reaper and member of the mysterious Soul Society. While fighting a Hollow, an evil spirit that preys on humans who display psychic energy, Rukia attempts to lend Ichigo some of her powers so that he can save his family; but much to her surprise, Ichigo absorbs every last drop of her energy. Now a full-fledged Soul Reaper himself, Ichigo quickly learns that the world he inhabits is one full of dangerous spirits and, along with Rukia--who is slowly regaining her powers--it's Ichigo's job to protect the innocent from Hollows and help the spirits themselves find peace. -- VIZ Media",http://books.google.com/books/content?id=FQTwAQAAQBAJ&printsec=frontcover&img=1&zoom=1&edge=curl&source=gbs_api,"Shounen, Swordplay, Super Power, Ghost, War",79,2001,2000s,https://www.amazon.com/s?k=9781591164418
Fullmetal Alchemist,Hiromu Arakawa,Enix (2001–2003)Square Enix (2003–2010),Shōnen,27,2001–2010,80million,2.96 million,Adventure,031628548X,9.78032E+12,"Alchemy tore the Elric brothers’ bodies apart. Can their bond make them whole again? In this world, alchemists are those who study and perform the art of alchemical transmutation—the science of manipulating and transforming matter. They are bounded by the Law of Equivalent Exchange: in order to gain something, one must sacrifice something of equal value. In an alchemical ritual gone wrong, Edward Elric lost his arm and his leg, and his brother Alphonse became nothing but a soul in a suit of armor. Equipped with mechanical “auto-mail” limbs, Edward becomes a state alchemist, seeking the one thing that can restore his and his brother’s bodies...the legendary Philosopher’s Stone.",http://books.google.com/books/content?id=zqw8AwAAQBAJ&printsec=frontcover&img=1&zoom=1&edge=curl&source=gbs_api,"Alchemy, Conspiracy, Politics, Philosophy, Military",89,2001,2000s,https://www.amazon.com/s?k=9780316285483
Hunter × Hunter,Yoshihiro Togashi,Shueisha,Shōnen,37,1998–present,84million,2.33 million,Adventure,1591167531,9.78159E+12,"Gon might be a country boy, but he has high aspirations. Despite his Aunt Mito's protests, Gon decides to follow in his father's footsteps and become a legendary Hunter. The Hunter hopefuls begin their journey by storm-tossed ship, where Gon meets Leorio and Kurapika, the only other applicants who aren't devastated by bouts of seasickness. Having survived the terrors of the high seas, Gon and his companions now have to prove their worth in a variety of tests in order to find the elusive Exam Hall. And once they get there, will they ever leave alive...?",http://books.google.com/books/content?id=WUbxAQAAQBAJ&printsec=frontcover&img=1&zoom=1&edge=curl&source=gbs_api,"Shounen, Super Power, Cultivation, Ensemble Cast, Travel
",88,1998,,https://www.amazon.com/s?k=9781591167532
Fruits Basket,Natsuki Takaya,Hakusensha,Shōjo,23,1998–2006,30million,1.30 million,Romance,,9.78032E+12,"After a family tragedy turns her life upside down, plucky high schooler Tohru Honda takes matters into her own hands and moves out...into a tent! Unfortunately for her, she pitches her new home on private land belonging to the mysterious Sohma clan, and it isn't long before the owners discover her secret. But, as Tohru quickly finds out when the family offers to take her in, the Sohmas have a secret of their own--when touched by the opposite sex, they turn into the animals of the Chinese Zodiac!
",https://s4.anilist.co/file/anilistcdn/media/manga/cover/medium/bx30102-MJuQ0e0k2CgU.png,"Shoujo, Mythology, Animals, Tragedy, Ensemble Cast",85,1998,classic,https://www.amazon.com/s?k=9780316360166
Vagabond,Takehiko Inoue,Kodansha,Seinen,37,1998–2015 (on hiatus),82million,2.21 million,Historical,,9.78142E+12,"At seventeen years of age, Miyamoto Musashi--still known by his childhood name, Shinmen Takezo--was a wild young brute just setting out along the way of the sword. In the aftermath of the epic Battle of Sekigahara, Takezo finds himself a fugitive survivor on the losing side of the war. Takezo's vicious nature has made him an outcast even in his own village, and he is hunted down like an animal. At this crucial crossroads in Takezo's life, an eccentric monk and a childhood friend are the only ones who can help him find his way.",https://s4.anilist.co/file/anilistcdn/media/manga/cover/medium/bx30656-9mW113O7rDnA.png,"Seinen, Samurai, Swordplay, Historical, Travel",91,1998,classic,https://www.amazon.com/s?k=9781421520544
Naruto,Masashi Kishimoto,Shueisha,Shōnen,72,1999–2014,250million,3.47 million,Action,,9.78157E+12,"Before Naruto's birth, a great demon fox had attacked the Hidden Leaf Village. A man known as the 4th Hokage sealed the demon inside the newly born Naruto, causing him to unknowingly grow up detested by his fellow villagers. Despite his lack of talent in many areas of ninjutsu, Naruto strives for only one goal: to gain the title of Hokage, the strongest ninja in his village. Desiring the respect he never received, Naruto works towards his dream with fellow friends Sasuke and Sakura and mentor Kakashi as they go through many trials and battles that come with being a ninja.",http://books.google.com/books/content?id=bQbwAQAAQBAJ&printsec=frontcover&img=1&zoom=1&edge=curl&source=gbs_api,"Super Power, Shounen, Male Protagonist, Ninja, Henshin",59,1997,classic,https://www.amazon.com/s?k=9781569319000
One Piece,Eiichiro Oda,Shueisha,Shōnen,104,1997–present,516.6 million,4.97 million,Adventure,142154525X,9.78142E+12,"As a child, Monkey D. Luffy was inspired to become a pirate by listening to the tales of the buccaneer ""Red-Haired"" Shanks. But his life changed when Luffy accidentally ate the Gum-Gum Devil Fruit and gained the power to stretch like rubber...at the cost of never being able to swim again! Years later, still vowing to become the king of the pirates, Luffy sets out on his adventure...one guy alone in a rowboat, in search of the legendary ""One Piece,"" said to be the greatest treasure in the world",https://s4.anilist.co/file/anilistcdn/media/manga/cover/medium/bx30013-BeslEMqiPhlk.jpg,"Pirates, Found Family, Travel, Shounen, Ensemble Cast",91,1997,classic,https://www.amazon.com/s?k=9781421545257
Red River,Chie Shinohara,Shogakukan,Shōjo,28,1995–2002,20million,0.71 million,Historical,159116429X,9.78159E+12,"Yuri, a pretty Japanese girl, is ecstatic after passing her college entrance exam and having her first kiss with her childhood friend-turned boyfriend. However, her luck soon changes. She starts to notice that water becomes agitated whenever she goes near it. One night, hands appear out of a puddle on the street and drag her into the water! Transported to an ancient village in the Middle East, she is then captured by armed troops and taken to the Queeen's palace for a human sacrifice.",http://books.google.com/books/content?id=BS_zAQAAQBAJ&printsec=frontcover&img=1&zoom=1&edge=curl&source=gbs_api,"Historical, Foreign, Female Protagonist, Shoujo, Royal Affairs",76,1995,classic,https://www.amazon.com/s?k=9781591164296
Detective Conan,Gosho Aoyama,Shogakukan,Shōnen,102,1994–present,250million,2.45 million,Mystery,142156274X,9.78142E+12,"Ghastly beheadings, bloody murders, and coldhearted child abductions-- Precocious high school student Jimmy Kudo uses his keen powers of observation and astute intuition to solve mysteries that have left law enforcement officials baffled. Hot on the trail of a suspect, Jimmy is accosted from behind and fed a strange chemical which physically transforms him into a grade schooler! Taking on the pseudonym Conan Edogawa, he attempts to track down the people who did this to him. But until he finds a cure for his bizarre condition, Jimmy continues to help the police solve their toughest cases. Can you crack the case before Conan does?",http://books.google.com/books/content?id=_S3yAQAAQBAJ&printsec=frontcover&img=1&zoom=1&edge=curl&source=gbs_api,"Detective, Crime, Age Regression, Police, Male Protagonist",82,1994,classic,https://www.amazon.com/s?k=9781421562742
Monster,Naoki Urasawa,Shogakukan,Seinen,18,1994–2001,20million,1.11 million,Thriller,1591166411,9.78159E+12,"Dr. Kenzo Tenma saves the life of Johan, a young boy who grows up to become a serial killer with secret ties to the government, and Tenma, finding himself implicated as the main suspect in a series of murders, sets out to find and stop Johan.",http://books.google.com/books/content?id=I-5yngEACAAJ&printsec=frontcover&img=1&zoom=1&source=gbs_api,"Seinen, Conspiracy, Tragedy, Philosophy, Amnesia",90,1994,classic,https://www.amazon.com/s?k=9781591166412
Rurouni Kenshin,Nobuhiro Watsuki,Shueisha,Shōnen,28,1994–1999,72million,2.57 million,Historical,1421592452,9.78142E+12,"The beloved landmark tale of a Meiji-era swordsman’s quest for redemption. Action, romance and historical intrigue help make Nobuhiro Watsuki’s Rurouni Kenshin, the tale of a wandering swordsman set against the backdrop of the Meiji Restoration, one of the most popular manga titles of all time! Himura Battōsai was once an assassin of ferocious power during the violent upheaval of the Bakumatsu era. But as the Meiji Restoration heals the wounds of civil war, Battōsai takes up a new name and a new calling. As Himura Kenshin, he fights only to protect the honor of those in need.",http://books.google.com/books/content?id=LHDyvQAACAAJ&printsec=frontcover&img=1&zoom=1&source=gbs_api,"Swordplay, Historical, Samurai, Shounen, Heterosexual",82,1994,classic,https://www.amazon.com/s?k=9781421592459
The Kindaichi Case Files,"Yōzaburō Kanari, Seimaru Amagi, Fumiya Satō",Kodansha,Shōnen/Seinen,87,1992–present,100million,1.15 million,Mystery,1415559368,9.78142E+12,"A famous writer holds a code-breaking contest, and Hajime Kindaichi naturally rises to the literary challenge. But when the writer is murdered, Kindaichi finds himself as the primary suspect! Will Kindaichi be able to creack the code and find the real killer before the final chapter is written?",https://s4.anilist.co/file/anilistcdn/media/manga/cover/medium/bx30393-1OQNCv5LIsx8.jpg,"Detective, Male Protagonist, Shounen, Acting, Nudity",76,1992,classic,https://www.amazon.com/s?k=9781415559369
Baki the Grappler,Keisuke Itagaki,Akita Shoten,Shōnen,143,1991–present,85million,0.59 million,Action,1966523009,9.78197E+12,"A seventeen-year-old boy with a white belt enters a karate tournament and shakes the foundations of Japan’s martial arts scene. As he effortlessly defeats his opponents, the world’s top fighters are left to ask: just who is this bizarrely strong young man, and what is he trying to achieve?",http://books.google.com/books/content?id=Eb5f0QEACAAJ&printsec=frontcover&img=1&zoom=1&source=gbs_api,"Martial Arts, Male Protagonist, Revenge, Primarily Male Cast, Gore",77,1991,classic,https://www.amazon.com/s?k=9781966523000
Crayon Shin-chan,"Yoshito Usui, UY Team",Futabasha,Seinen,61,1990–present,148million,2.55 million,Comedy,1588991942,9.78159E+12,"Shinnosuke Nohara might look like an innocent little kid, but anyone whose dealt with kids know they're anything but innocent. Relentlessly sassing the adults around him, pulling perverted pranks, and driving people to tears with embarrassment, Crayon Shinchan's the ""kindergartener from hell,"" a five-year-old boy whose bodily functions, offensive comments, and outrageous behavior consistently annoy everyone around him. A national phenomenon in Japan, this shocking and hilarious comic celebrates the terrible power of destruction and indecency wielded by toddlers everywhere!",http://books.google.com/books/content?id=FAbRuQAACAAJ&printsec=frontcover&img=1&zoom=1&source=gbs_api,"School, Family Life, Episodic, Male Protagonist, Seinen",74,1990,classic,https://www.amazon.com/s?k=9781588991942
Slam Dunk,Takehiko Inoue,Shueisha,Shōnen,31,1990–1996,170million,5.48 million,Sports,1421506793,9.78142E+12,"Hanamichi Sakuragi's got no game with girls--none at all! It doesn't help that he's known for throwing down at a moment's notice and always coming out on top. A hopeless bruiser, he's been rejected by 50 girls in a row! All that changes when he meets the girl of his dreams, Haruko, and she's actually not afraid of him! When she introduces him to the game of basketball, his life is changed forever",https://s4.anilist.co/file/anilistcdn/media/manga/cover/medium/bx30051-5KJyPlO7z5F4.png,"Basketball, Male Protagonist, Primarily Male Cast, Ensemble Cast, Shounen",90,1990,classic,https://www.amazon.com/s?k=9781421506791
Hajime no Ippo,George Morikawa,Kodansha,Shōnen,134,1989–present,100million,0.74 million,Sports,2368527982,9.78237E+12,"Makunouchi Ippo has been bullied his entire life. Constantly running errands and being beaten up by his classmates, Ippo has always dreamed of changing himself, but never has the passion to act upon it. One day, in the midst of yet another bullying, Ippo is saved by Takamura Mamoru, who happens to be a boxer. Ippo faints from his injuries and is brought to Takamura boxing gym to recover. As he regains consciousness, he is awed and amazed at his new surroundings in the gym, though lacks confidence to attempt anything. Takamura places a photo of Ippo’s classmate on a punching bag and forces him to punch it. It is only then that Ippo feels something stir inside him and eventually asks Takamura to train him in boxing. Thinking that Ippo does not have what it takes, Takamura gives him a task deemed impossible and gives him a one week time limit. With a sudden desire to get stronger, for himself and his hard working mother, Ippo trains relentlessly to accomplish the task within the time limit. Thus Ippo’s journey to the top of the boxing world begins.",https://s4.anilist.co/file/anilistcdn/media/manga/cover/medium/nx30007-jVUNk721L0Uz.jpg,"Boxing, Shounen, Male Protagonist, Primarily Male Cast, Primarily Adult Cast",87,1989,classic,https://www.amazon.com/s?k=9782368527986
Bad Boys,Hiroshi Tanaka,Shōnen Gahōsha,Seinen,22,1988–1996,55million,2.50 million,Action,1974723402,9.78197E+12,"Tsukasa, Yoji, and Eiji are friends and members of the motorcycle gang called the Paradise Butterflies. Riding the streets of Hiroshima their goal in life is to top all other gangs in their city.",https://s4.anilist.co/file/anilistcdn/media/manga/cover/medium/bx59911-XUQJ8HMzYYOt.png,"Delinquents, Seinen, Gangs, Nudity, Motorcycles",66,1988,classic,https://www.amazon.com/s?k=9781974723409
Ranma ½,Rumiko Takahashi,Shogakukan,Shōnen,38,1987–1996,55million,1.44 million,Comedy,1421565943,9.78142E+12,"One day, teenaged martial artist Ranma Saotome went on a training mission with his father and ended up taking a dive into some cursed springs at a legendary training ground in China. Now, every time he’s splashed with cold water, he changes into a girl. His father, Genma, changes into a panda! What’s a half-guy, half-girl to do? Years ago, Genma promised his old friend Soun Tendo that Ranma would marry one of Soun’s three daughters and carry on the family’s martial arts school. Except that the girl picked to be Ranma’s bride doesn’t seem to like him, Ranma keeps getting into fights…and did we mention that whole changing into a girl thing?",https://s4.anilist.co/file/anilistcdn/media/manga/cover/medium/bx30023-NWoD28ZKC73c.jpg,"Gender Bending, Love Triangle, Ensemble Cast, Henshin, Martial Arts",77,1987,classic,https://www.amazon.com/s?k=9781421565941
Yawara!,Naoki Urasawa,Shogakukan,Seinen,29,1986–1993,30million,1.03 million,Sports,,,"Yawara Inokuma is a talented judoka raised and trained by her grandfather Jigoro. Her grandfather says she's supposed to become the hope of Japan's judo team in Seoul in 1988, but she has different plans: to finish high school and find a boyfriend... like all her friends. But being a normal girl and an Olympic champion are two different things. Which path will she choose to follow?",https://s4.anilist.co/file/anilistcdn/media/manga/cover/medium/bx30853-kif2buZKAOf0.jpg,"Judo, Martial Arts, Coming of Age, Athletics, Female Protagonist",69,1986,classic,https://www.amazon.com/s?k=nan
Dragon Ball,Akira Toriyama,Shueisha,Shōnen,42,1984–1995,350million,8.33 million,Action,1421545756,9.78142E+12,"Before there was Dragon Ball Z, there was Akira Toriyama's action epic Dragon Ball, starring the younger version of Son Goku and all the other Dragon Ball Z heroes! Meet a naive young monkey-tailed boy named Goku, whose quiet life changes when he meets Bulma, a girl who is on a quest to collect seven ""Dragon Balls."" If she gathers them all, an incredibly powerful dragon will appear and grant her one wish. But the precious orbs are scattered all over the world, and Bulma needs Goku's help (and his super-strength)! With a magic staff for a weapon and a flying cloud for a ride, Goku sets out on the adventure of a lifetime...",http://books.google.com/books/content?id=RXnwAQAAQBAJ&printsec=frontcover&img=1&zoom=1&edge=curl&source=gbs_api,"Martial Arts, Shounen, Travel, Super Power, Male Protagonist",83,1984,classic,https://www.amazon.com/s?k=9781421545752
Fist of the North Star,"Buronson, Tetsuo Hara",Shueisha,Shōnen,27,1983–1988,100million,3.70 million,Action,1974728269,9.78197E+12,"One day, a wanderer appears out of the wasteland to bring justice to the guilty and hope to the people—a warrior named Ken, a man who bears seven scars upon his chest and holds the secret of a mysterious martial art known as Hokuto Shinken, the Divine Fist of the North Star! -- VIZ Media",http://books.google.com/books/content?id=FBcxEAAAQBAJ&printsec=frontcover&img=1&zoom=1&edge=curl&source=gbs_api,"Male Protagonist, Post-Apocalyptic, Martial Arts, Shounen, Tragedy",79,1983,classic,https://www.amazon.com/s?k=9781974728268
Oishinbo,"Tetsu Kariya, Akira Hanasaki",Shogakukan,Seinen,111,1983–2014 (on hiatus),135million,1.22 million,Culinary,1421521393,9.78142E+12,"Around the offices of Tozai News, Shiro Yamaoka has a reputation for being over-blunt, under-ambitious, and generally an all-around slacker. So why has he been given the important job of coming up with the ""Ultimate Menu"" to celebrate the newspaper's 100th anniversary? Because he possesses qualities his other colleagues don't: an exquisitely discerning palate, an encyclopedic knowledge of food and drink, and a masterful touch in the kitchen.",http://books.google.com/books/content?id=slrOKwAACAAJ&printsec=frontcover&img=1&zoom=1&source=gbs_api,"Food, Seinen",59,1983,classic,https://www.amazon.com/s?k=9781421521398
Doraemon,Fujiko F. Fujio,Shogakukan,Children,45,1969–1996,250million,4.71 million,Comedy,4092270119,9.78409E+12,"Doraemon, a cat shaped robot which came from the 22nd century in the future, goes back in time in order to help Nobita, a below average lazy kid, to make his life less miserable and improve his descendent's life. With many of Doreamon's gadgets from the future, Nobita's life will never be as the same.",https://s4.anilist.co/file/anilistcdn/media/manga/cover/medium/bx31032-EnHYnoLVqlWG.jpg,"Kids, Episodic, Robots, School, Primarily Child Cast",80,1969,classic,https://www.amazon.com/s?k=9784092270114
Golgo 13,"Takao Saito, Saito Production",Shogakukan,Seinen,205,1968–present,300million,1.46 million,Action,1421558378,9.78142E+12,"In 1991, UN inspectors found the incomplete Project Babylon--a cannon capable of hurling a shell 600 miles. In 1995, the Clinton administration learns of a second, hidden Iraqi supergun--now operational, and with a much, much longer range... There are only two options to destroy the supergun: send in an airstrike--or send in Golgo 13! Then, flash back to 1979 on the streets of San Francisco, where a hit-and-run accident intersects with a mob boss's terror that he is G13's next target... Plus excerpts from the File 13 dossier revealing the secrets of his personal data, false identities, alias, and more!",http://books.google.com/books/content?id=99arDwAAQBAJ&printsec=frontcover&img=1&zoom=1&edge=curl&source=gbs_api,"Seinen, Assassins, Historical, Crime, Foreign",73,1968,classic,https://www.amazon.com/s?k=9781421558370
Astro Boy,Osamu Tezuka,Kobunsha,Shōnen,23,1952–1968,100million,4.35 million,Science Fiction,1616558601,9.78162E+12,"In the distant year 2003, Japan is a technological utopia, and robots are everywhere. One such robot, Tobio, was built by the brilliant Dr. Tenma to replace his dead son. But when it soon becomes apparent that Tobio is an imperfect copy of his departed child, Dr. Tenma throws him out. He is rescued from the scrap heap by the benevolent Professor Ochanomizu, a crusader for robot civil rights. Now the little robot, renamed Astro Boy, is given a mission to defend Japan and the world from all manner of sinister threats. Using his seven super-abilities and 100,000 horsepower worth of strength to battle evil, Astro hopes to set an example to the world of the good which all robots are capable of.",http://books.google.com/books/content?id=S9jYCwAAQBAJ&printsec=frontcover&img=1&zoom=1&edge=curl&source=gbs_api,"Robots, Artificial Intelligence, Philosophy, Shounen, Politics",70,1952,classic,https://www.amazon.com/s?k=9781616558604
Berserk,"Kentaro Miura, Kōji Mori, Studio Gaga",Hakusensha,Seinen,41,1989–present,50million,1.25 million,Fantasy,1506711987,9.78151E+12,"His name is Guts, the Black Swordsman, a feared warrior spoken of only in whispers. Bearer of a gigantic sword, an iron hand, and the scars of countless battles and tortures, his flesh is also indelibly marked with The Brand, an unholy symbol that draws the forces of darkness to him and dooms him as their sacrifice. But Guts won't take his fate lying down; he'll cut a crimson swath of carnage through the ranks of the damned—and anyone else foolish enough to oppose him! Accompanied by Puck the Elf, more an annoyance than a companion, Guts relentlessly follows a dark, bloodstained path that leads only to death...or vengeance.",http://books.google.com/books/content?id=bLmHDwAAQBAJ&printsec=frontcover&img=1&zoom=1&edge=curl&source=gbs_api,"Tragedy, Seinen, Male Protagonist, Revenge, Demons",92,1989,,https://www.amazon.com/s?k=9781506711980
Black Jack,Osamu Tezuka,Akita Shoten,Shōnen,25,1973–1983,45.64million,1.83 million,Drama,194122069X,9.78194E+12,"Black Jack is a mysterious and charismatic young genius surgeon who travels the world performing amazing and impossible medical feats. Though a trained physician, he refuses to accept a medical license due to his hatred and mistrust of the medical community's hypocrisy and corruption. This leads Black Jack to occasional run-ins with the authorities, as well as from gangsters and criminals who approach him for illegal operations. Black Jack charges exorbitant fees for his services, the proceeds from which he uses to fund environmental projects and to aid victims of crime and corrupt capitalists. But because Black Jack keeps his true motives secret, his ethics are perceived as questionable and he is considered a selfish, uncaring devil. The Black Jack series is told in short stories. Each volume will contain 16-20 stories, each running approximately 20-24 pages in length. Black Jack is recognized as Osamu Tezuka's third most famous series, after Astro Boy and Kimba, the White Lion.",https://s4.anilist.co/file/anilistcdn/media/manga/cover/medium/nx31600-CCA5TUKJBQJh.jpg,"Episodic, Male Protagonist, Medicine, Work, Ghost",81,1973,classic,https://www.amazon.com/s?k=9781941220696
Boys Be...,"Masahiro Itabashi, Hiroyuki Tamakoshi",Kodansha,Shōnen,32,1991–1997,25million,0.78 million,Romance,,9.7816E+12,A benched jock finds his game in the nightclubs of Shinjuku; an otaku gets more action than he can handle; two best friends eye the same hot girl . . . these are some of the ordinary guys who discover love for the first time.,https://s4.anilist.co/file/anilistcdn/media/manga/cover/medium/bx30152-njHoNnwmir53.png,"School, Shounen, Male Protagonist, Episodic, Ensemble Cast",,1991,classic,https://www.amazon.com/s?k=9781595320995
Boys Over Flowers,Yoko Kamio,Shueisha,Shōjo,37,1992–2003,61million,1.64 million,Romance,142156890X,9.78142E+12,"Tsukushi Makino is accepted into the prestigious, Eitoku Academy. Life changes dramatically for Tsukushi when her friend falls on Tsukasa Domyoji. Tsukasa is the explosive leader of the ""F4,"" a group of the most powerful, rich and handsome boys. Domyoji refuses to accept Makiko's apology and Tsukushi steps in to protect her friend. A red tag appears in the Tsukushi's locker the next morning which is a sign from the F4 that she is to be bullied by the school. Tskushi continues to stand up to her oppressors.",https://s4.anilist.co/file/anilistcdn/media/manga/cover/medium/bx30877-rh2We7eqWcZa.png,"Shoujo, School, Male Harem, Love Triangle, Primarily Teen Cast",73,1992,classic,https://www.amazon.com/s?k=9781421568904
Buddha,Osamu Tezuka,Ushio Shuppan,Seinen,14,1972–1983,20million,1.42 million,Historical,1945054964,9.78195E+12,"Osamu Tezuka's vaunted storytelling genius, consummate skill at visual expression, and warm humanity blossom fully in his eight-volume epic of Siddhartha's life and times. Tezuka evidences his profound grasp of the subject by contextualizing the Buddha's ideas; the emphasis is on movement, action, emotion, and conflict as the prince Siddhartha runs away from home, travels across India, and questions Hindu practices such as ascetic self-mutilation and caste oppression. Rather than recommend resignation and impassivity, Tezuka's Buddha predicates enlightenment upon recognizing the interconnectedness of life, having compassion for the suffering, and ordering one's life sensibly. Philosophical segments are threaded into interpersonal situations with ground-breaking visual dynamism by an artist who makes sure never to lose his readers' attention. Tezuka himself was a humanist rather than a Buddhist, and his magnum opus is not an attempt at propaganda. Hermann Hesse's novel or Bertolucci's film is comparable in this regard; in fact, Tezuka's approach is slightly irreverent in that it incorporates something that Western commentators often eschew, namely, humor.",https://s4.anilist.co/file/anilistcdn/media/manga/cover/medium/bx31111-ldPYMNd3PvHa.png,"Philosophy, Historical, Foreign, Religion, War",82,1972,classic,https://www.amazon.com/s?k=9781945054969
Cat's Eye,Tsukasa Hojo,Shueisha,Shōnen,18,1981–1984,20million,1.11 million,Action,None,9.79889E+12,"Café owners by day, art thieves by night, the three sisters Hitomi, Rui, and Ai have high-risk lives outside of their day jobs. Hitomi especially needs to keep her secret under wraps, since she’s dating Toshio—the police officer assigned to catch the Cat’s Eye thief! Cat’s Eye’s targets are easy to spot: They’re all art pieces authored by acclaimed genius painter Heinz. What museums don’t know is that this artist is the missing father to the three “Cat’s Eye” siblings. As the sisters reclaim one piece after another, spreading their infamous name, a conspiracy gradually begins to reveal itself. How can their father come out of hiding when the bloodthirsty syndicate that betrayed him to steal his work and fame—many of whom were once his closest apprentices and art collectors—are still so powerful in the art world? When Cat’s Eye tightropes another canvas out of a heavily guarded exhibit, the cops are pressed to apprehend the thief. Can the sisters discover the truth about their missing father? Or will they be apprehended by Hitomi’s star-crossed lover Toshio or killed by the looming syndicate responsible for the father’s disappearance. As the heists continue, the stakes only get higher. Known for his exceptional storytelling, Tsukasa Hojo is also the mastermind behind the iconic series City Hunter, showcasing his remarkable ability to weave thrilling narratives full of action and intrigue.",https://s4.anilist.co/file/anilistcdn/media/manga/cover/medium/bx31932-QSXklPSiF6Br.jpg,"Shounen, Crime, Episodic, Police, Primarily Female Cast",69,1981,classic,https://www.amazon.com/s?k=9798887079431
Chainsaw Man,Tatsuki Fujimoto,Shueisha,Shōnen,12,2018–present,20million,1.66 million,Action,1974723097,9.78197E+12,"Denji’s a poor young man who’ll do anything for money, even hunting down devils with his pet devil Pochita. He’s a simple man with simple dreams, drowning under a mountain of debt. But his sad life gets turned upside down one day when he’s betrayed by someone he trusts. Now with the power of a devil inside him, Denji’s become a whole new man—Chainsaw Man!",https://s4.anilist.co/file/anilistcdn/media/manga/cover/medium/bx105778-euxXZEIfDY2u.png,"Demons, Tragedy, Urban Fantasy, Dissociative Identities, Male Protagonist",85,2018,modern,https://www.amazon.com/s?k=9781974723096
City Hunter,Tsukasa Hojo,Shueisha,Shōnen,35,1985–1991,50million,1.42 million,Action,None,9.79889E+12,"Ryo Saeba is a ""sweeper"" in the city of Tokyo. His works as a trouble shooter, cleaning the streets of vermin, and helping out desperate people. Sometimes he's a bodyguard, sometimes he's an assassin, whatever Ryo does he does it well. In fact his only flaw is his hormones - he loves the ladies and sometimes turns into an idiot when he's near them. Thankfully he's got people like his sidekick Kaori Makimura to keep him in check.",https://s4.anilist.co/file/anilistcdn/media/manga/cover/medium/bx30792-62RxEnU7tlDg.png,"Police, Shounen, Episodic, Guns, Crime",78,1985,classic,https://www.amazon.com/s?k=9798887079448
D.Gray-man,Katsura Hoshino,Shueisha,Shōnen,28,2004–present,25million,0.89 million,Action,1421547856,9.78142E+12,"A born exorcist, Walker's primary anti-akuma weapon is the cross that's embossed on his red, disfigured left hand, which contains Innocence. But not only does Walker destroy akuma, he sees the akuma hiding inside a person's soul! Together with his fellow exorcists fighting under the command of the Black Order, Walker leads the battle against the Millennium Earl, the evil being out to destroy mankind. -- VIZ Media",https://s4.anilist.co/file/anilistcdn/media/manga/cover/medium/bx30024-UUUz8xxkt8pc.jpg,"Demons, Amnesia, Tragedy, Super Power, Foreign",81,2004,2000s,https://www.amazon.com/s?k=9781421547855
Dear Boys,Hiroki Yagami,Kodansha,Shōnen,81,1989–present,45million,0.55 million,Sports,6164314186,9.78616E+12,"At the outset of the manga the team is in trouble, as there are not enough players to play a game. Additionally, the coach has left after a conflict with Fujiwara. However, Aikawa transfers to Mizuho and through his enthusiasm and sheer love of the game, infuses the few remaining members with a sense of purpose. Despite the fact that there are only five of them (i.e., they have no substitutes), they manage to get the coach of the girls' team to coach them as well. At first, she seems very strict, but later reveals her attachment to her ""Dear Boys"". Together, they do their best to make their dreams come true.",https://s4.anilist.co/file/anilistcdn/media/manga/cover/medium/1294.jpg,"Shounen, School Club, Basketball",51,1989,classic,https://www.amazon.com/s?k=9786164314184
Dragon Quest: The Adventure of Dai,"Riku Sanjo, Koji Inada",Shueisha,Shōnen,37,1989–1996,47million,1.27 million,Adventure,1974729907,9.78197E+12,"Before his adventure begins, Dai lives in peace as the lone human among monsters on Dermline Island. While he dreams of becoming a hero, a group of fakes shows up to kidnap the Golden Metal Slime! Then, when Princess Leona arrives in need of a hero, Dai is ready to answer her call...but he needs more training! Will a tutor come along to help him? -- VIZ Media",https://s4.anilist.co/file/anilistcdn/media/manga/cover/medium/bx30871-NzemCChOPyDk.jpg,"Shounen, Magic, Demons, Male Protagonist, Swordplay",76,1989,classic,https://www.amazon.com/s?k=9781974729906
Eyeshield 21,"Riichiro Inagaki, Yusuke Murata",Shueisha,Shōnen,37,2002–2009,20million,0.54 million,Sports,1421511665,9.78142E+12,"Catch all the bone-crushing action and slapstick comedy of Japan's hottest football manga! Wimpy Sena Kobayakawa has been running away from bullies all his life. But when the football gear comes on, things change--Sena's speed and uncanny ability to elude big bullies just might give him what it takes to become a great high school football hero! Catch all the bone-crushing action and slapstick comedy of Japan's hottest football manga! The Drive to Be the Best With their former kicker back on the team, the Devil Bats have a real shot at closing the gap against the Seibu Wild Gunmen. But Seibu is still a major threat. Can the Devil Bats hold on for the victory?",https://s4.anilist.co/file/anilistcdn/media/manga/cover/medium/bx30043-b2SqUjwSzfIH.png,"American Football, Shounen, Male Protagonist, School Club, Coming of Age",82,2002,2000s,https://www.amazon.com/s?k=9781421511665
Fire Force,Atsushi Ohkubo,Kodansha,Shōnen,34,2015–2022,20million,0.58 million,Action,1682335119,9.78168E+12,"Terror has paralyzed the clockwork metropolis of Tokyo! Possessed by demons, people have begun to burst into flame, leading to the establishment of a special firefighting team: the Fire Force, ready to roll on a moment's notice to fight spontaneous combustion anywhere it might break out. The team is about to get a very unique addition: Shinra, a boy who possesses the unique power to run at the speed of a rocket, leaving behind the famous ""devil's footprints"" (and destroying his shoes in the process). Can the Fire Force discover the source of this strange phenomenon and put a stop to it? Or will the city burn to ashes first?",https://s4.anilist.co/file/anilistcdn/media/manga/cover/medium/nx86310-OraykJ8bRNTr.jpg,"Cosmic Horror, Super Power, Religion, Gods, Shounen",78,2015,modern,https://www.amazon.com/s?k=9781682335116
Flame of Recca,Nobuyuki Anzai,Shogakukan,Shōnen,33,1995–2002,25million,0.75 million,Action,142156386X,9.78142E+12,"Teenager Recca Hanabishi is always up for a good-natured tussle with his friends. That's because he's famous at school and around town for being a super ninja geek. Armed with the power to control flame, Recca suddenly finds himself in an awkward situation. On the day he pledges his undying ninja allegiance to a pretty classmate named Yanagi Sakoshita, a mysterious older woman pops into his life. Is she good? Is she evil? What exactly does she want? And what's the deal with tomboy, Fuko Kirisawa? She's got the power of wind at her command. Does she want to smash our hero to smithereens, or does she simply want to kiss him?",https://s4.anilist.co/file/anilistcdn/media/manga/cover/medium/bx30136-HdYtqkCdUQ2D.png,"Shounen, Ninja, Super Power, Nudity, Male Protagonist",74,1995,classic,https://www.amazon.com/s?k=9781421563862
Food Wars!: Shokugeki no Soma,"Yūto Tsukuda, Shun Saeki",Shueisha,Shōnen,36,2012–2019,20million,0.55 million,Culinary,3551778183,9.78355E+12,"Yukihira Souma's dream is to become a full-time chef in his father's restaurant and surpass his father's culinary skill. But just as Yukihira graduates from middle schools his father, Yukihira Jouichirou, closes down the restaurant to cook in Europe. Although downtrodden, Souma's fighting spirit is rekindled by a challenge from Jouichirou which is to survive in an elite culinary school where only 10% of the students graduate. Can Souma survive?",https://s4.anilist.co/file/anilistcdn/media/manga/cover/medium/bx75757-5H35Qy1zGRHI.png,"Food, School, Male Protagonist, Shounen, Nudity",74,2012,modern,https://www.amazon.com/s?k=9783551778185
Fushigi Yûgi,Yuu Watase,Shogakukan,Shōjo,18,1991–1996,20million,1.11 million,Fantasy,1974721892,9.78197E+12,"The year is 1923. Suzuno Ohsugi’s father, Takao, warns her to stay away from The Universe of the Four Gods, telling her it’s a book that only men can touch. He knows that in order to enact its story, the book needs one last heroine: the Priestess of Byakko! After the Great Kanto Earthquake strikes, Suzuno and Takao are trapped in their burning home. Takao has only one chance to save his young daughter, and that is to send her into The Universe of the Four Gods!",https://s4.anilist.co/file/anilistcdn/media/manga/cover/medium/bx30084-GDzkhM6F3Eun.jpg,"Historical, Isekai, Male Harem, Shoujo, Heterosexual",70,1991,classic,https://www.amazon.com/s?k=9781974721894
Gin Tama,Hideaki Sorachi,Shueisha,Shōnen,77,2003–2019,55.5million,0.72 million,Comedy,1421513587,9.78142E+12,"The samurai didn't stand a chance. First, the aliens invaded Japan. Next, they took all the jobs. And then they confiscated everyone's swords. So what does a hotheaded former samurai like Sakata ""Gin"" Gintoki do to make ends meet? Take any odd job that comes his way, even if it means losing his dignity.",https://s4.anilist.co/file/anilistcdn/media/manga/cover/medium/bx30044-vPmoz3vTPvZs.jpg,"Found Family, Samurai, Parody, Meta, Swordplay",86,2003,2000s,https://www.amazon.com/s?k=9781421513584
Hikaru no Go,"Yumi Hotta, Takeshi Obata",Shueisha,Shōnen,23,1998–2003,25million,1.08 million,Sports,159116222X,9.78159E+12,"After stumbling across a haunted Go board, irresponsible Hikaru Shindo discovers that the spirit of a master player has taken up residence in his consciousness. In his pursuit of the ""Divine Move,"" Fujiwara-no-Sai awakens in Hikaru an untapped interest and genius for the game, and soon the schoolboy is chasing his own dream--defeating the famed Go prodigy Akira Toya!",https://s4.anilist.co/file/anilistcdn/media/manga/cover/medium/bx30020-5NZUzVqJPD2L.png,"Go, Coming of Age, Male Protagonist, Shounen, Ghost",79,1998,classic,https://www.amazon.com/s?k=9781591162223
Hoshin Engi,Ryu Fujisaki,Shueisha,Shōnen,23,1996–2000,22million,0.95 million,Fantasy,1974702936,9.78197E+12,"Armed with his new weapon, the Dashinben, Taikobo seeks revenge on the demon Dakki and her sinister sisters. He finds out much more about the godlike Sennins--and what may have really happened to his clan. But looking for survivors only means falling further into Dakki's darkness. -- VIZ Media",https://s4.anilist.co/file/anilistcdn/media/manga/cover/medium/bx30922-HosROLbCNQ7v.jpg,"Classic Literature, Shounen, Historical, Meta, Ancient China",68,1996,classic,https://www.amazon.com/s?k=9781974702930
Initial D,Shuichi Shigeno,Kodansha,Seinen,48,1995–2013,56 million,1.16 million,Sports,1931514984,9.78193E+12,"Only the fearless survive in the white-hot world of street racing, as teams take on dangerous roads in the shadow of Mt. Akina. Behind the wheel of the mysterious ""Ghost of Akina"" is Takumi, on his way to becoming the greatest racer ever.
",https://s4.anilist.co/file/anilistcdn/media/manga/cover/medium/nx30375-YFIIOwp5kSqW.jpg,"Cars, Seinen, Male Protagonist, Coming of Age, School",81,1995,classic,https://www.amazon.com/s?k=9781931514989
Inuyasha,Rumiko Takahashi,Shogakukan,Shōnen,56,1996–2008,50million,0.89 million,Fantasy,1569319472,9.78157E+12,"Kagome is a modern Japanese high school girl. Never the type to believe in myths and legends, her world view dramatically changes when, one day, she's pulled out of her own time and into another! There, in Japan's ancient past, Kagome discovers more than a few of those dusty old legends are true, and that her destiny is linked to one legendary creature in particular--the dog-like half-demon called Inuyasha! That same trick of fate also ties them both to the Shikon Jewel, or ""Jewel of Four Souls."" But demons beware...the smallest shard of the Shikon Jewel can give the user unimaginable power.",https://s4.anilist.co/file/anilistcdn/media/manga/cover/medium/bx30676-kQTOiNRyKwqL.jpg,"Demons, Youkai, Shounen, Historical, Kemonomimi",77,1996,classic,https://www.amazon.com/s?k=9781569319475
Itazura na Kiss,Kaoru Tada,Shueisha,Shōjo,23,1990–1999,35million,1.52 million,Romance,1569701318,9.78157E+12,"High school senior Kotoko Aihara has had a crush on Naoki Irie since his freshman year. Unfortunately, a few things are discouraging her from him: he's a member of ""Class A,"" the top ranking class in school, whereas she's in ""Class F""; he gets the top score on every exam; and he's so smart, popular, and handsome that he's been class president every year. When Kotoki finally musters up the courage to present him with a love letter, though, Naoki outright refuses it, telling her point blank -- with a look of disgust and boredom -- that he doesn't like ""stupid girls."" Poor Kotoko's worst nightmare",https://s4.anilist.co/file/anilistcdn/media/manga/cover/medium/bx33523-oY1sNJ1k34DC.jpg,"Shoujo, Coming of Age, Female Protagonist, Tsundere, Work",68,1990,classic,https://www.amazon.com/s?k=9781569701317
Jujutsu Kaisen,Gege Akutami,Shueisha,Shōnen,21,2018–present,70million,3.33 million,Action,197471568X,9.78197E+12,"Although Yuji Itadori looks like your average teenager, his immense physical strength is something to behold! Every sports club wants him to join, but Itadori would rather hang out with the school outcasts in the Occult Research Club. One day, the club manages to get their hands on a sealed cursed object. Little do they know the terror they’ll unleash when they break the seal...",https://s4.anilist.co/file/anilistcdn/media/manga/cover/medium/bx101517-H3TdM3g5ZUe9.jpg,"Urban Fantasy, Demons, Super Power, Shounen, Tragedy",80,2018,modern,https://www.amazon.com/s?k=9781974715688
Kimagure Orange Road,Izumi Matsumoto,Shueisha,Shōnen,18,1984–1987,20million,1.11 million,Romance,1569703566,9.78157E+12,"Secretly-psychic Kyosuke has just settled into a bustling school filled with brand-new faces, but he wastes no time making waves! With both the shy and mysterious Madoka and the high-energy Hikaru spinning in and out of his life, Kyosuke's dizzy with the first sweet rush of female attention! But will his instincts lead him into the arms (and heart) of the right girl?",https://s4.anilist.co/file/anilistcdn/media/manga/cover/medium/bx31407-s2juAJZI6ayF.jpg,"Love Triangle, Shounen, Episodic, School, Super Power",71,1984,classic,https://www.amazon.com/s?k=9781569703564
Kimi ni Todoke,Karuho Shiina,Shueisha,Shōjo,30,2005–2017,33million,1.10 million,Romance,142155092X,9.78142E+12,"Sawako Kuronuma is the perfect heroine...for a horror movie. With striking similarities to a haunting movie character--jet-black hair, sinister smile and silent demeanor--she's mistakenly called Sadako by those around her. But behind her scary façade is a very misunderstood teenager. Too shy to fit in, all she wants to do is make some friends. But when the most popular boy in class befriends her, she's sure to make more than just that--she's about to make some enemies too!",https://s4.anilist.co/file/anilistcdn/media/manga/cover/medium/bx33378-G9sHqsJryoP2.jpg,"Shoujo, Female Protagonist, School, Coming of Age, Heterosexual",82,2006,2000s,https://www.amazon.com/s?k=9781421550923
Magi: The Labyrinth of Magic,Shinobu Ohtaka,Shogakukan,Shōnen,37,2009–2017,25million,0.67 million,Adventure,142155951X,9.78142E+12,"Deep within the deserts lie the mysterious Dungeons, vast stores of riches there for the taking by anyone lucky enough to find them and brave enough to venture into the depths from where few have ever returned. Plucky young adventurer Aladdin means to find the Dungeons and their riches, but Aladdin may be just as mysterious as the treasures he seeks. Together with the djinn Ugo and his friend Alibaba, Aladdin sets out to find his fortune in the depths of the endless dunes…",https://s4.anilist.co/file/anilistcdn/media/manga/cover/medium/bx44790-4Rzup5aNVcVC.png,"Magic, Foreign, Conspiracy, War, Politics",81,2009,2000s,https://www.amazon.com/s?k=9781421559513
Major,Takuya Mitsuda,Shogakukan,Shōnen,101,1994–present,60.5million,0.59 million,Sports,,9.78409E+12,"The story of Major follows the life of Goro Honda, from kindergarten to being a professional baseball player, seeking and overcoming tremendous challenges.",https://s4.anilist.co/file/anilistcdn/media/manga/cover/medium/bx40978-Po9kFRHLoIe4.png,"Baseball, Coming of Age, Male Protagonist, Shounen, Heterosexual",76,1994,classic,https://www.amazon.com/s?k=9784091234919
My Hero Academia,Kōhei Horikoshi,Shueisha,Shōnen,34,2014–present,65million,1.91 million,Action,8380963474,9.78838E+12,"Middle school student Izuku Midoriya wants to be a hero more than anything, but he hasn’t got an ounce of power in him. With no chance of ever getting into the prestigious U.A. High School for budding heroes, his life is looking more and more like a dead end. Then an encounter with All Might, the greatest hero of them all, gives him a chance to change his destiny…",https://s4.anilist.co/file/anilistcdn/media/manga/cover/medium/bx97154-F7eF8hnjAPNI.jpg,"School, Super Power, Shounen, Male Protagonist, Primarily Teen Cast",70,2016,modern,https://www.amazon.com/s?k=9788380963474
Nana,Ai Yazawa,Shueisha,Shōjo,21,2000–2009 (on hiatus),50million,2.38 million,Romance,1421501082,9.78142E+12,"Nana Komatsu is a young woman who's endured an unending string of boyfriend problems. Moving to Tokyo, she's hoping to take control of her life and put all those messy misadventures behind her. She's looking for love and she's hoping to find it in the big city. Nana Osaki, on the other hand, is cool, confident and focused. She swaggers into town and proceeds to kick down the doors to Tokyo's underground punk scene. She's got a dream and won't give up until she becomes Japan's No. 1 rock'n'roll superstar. This is the story of two 20-year-old women who share the same name. Even though they come from completely different backgrounds, they somehow meet and become best friends. The world of Nana is a world exploding with sex, music, fashion, gossip and all-night parties.",https://s4.anilist.co/file/anilistcdn/media/manga/cover/medium/bx74535-MW9qpSjlRnMd.png,"Primarily Adult Cast, Female Protagonist, Band, Shoujo",88,1996,classic,https://www.amazon.com/s?k=9781421501086
Neon Genesis Evangelion,Yoshiyuki Sadamoto,Kadokawa Shoten,Shōnen,14,1994–2013,25million,1.78 million,Science Fiction,1421553473,9.78142E+12,"In 2015, the ""Angels"" have returned, and Shinji Ikari, a fourteen year-old child of the new Earth, is forced by his father Gendo--commander of the secret organization NERV--to pilot the monstrous biomechanical weapon called ""Evangelion"" to match the Angels' fearsome power... Eva Vol. 1 contains a Japanese sound FX glossary plus a commentary by series mecha designer Ikuto Yamashita and the famous ""confession letter"" written by director Hideaki Anno in the months before the original TV premiere of Evangelion. -- VIZ Media",https://s4.anilist.co/file/anilistcdn/media/manga/cover/medium/bx30698-0niTa3yn2rNK.png,"Philosophy, Coming of Age, Kaiju, Tragedy, Military",84,1994,classic,https://www.amazon.com/s?k=9781421553474
Nodame Cantabile,Tomoko Ninomiya,Kodansha,Josei,23,2001–2009,38.7million,1.68 million,Romance,None,9.78168E+12,"The son of a famous pianist, music student Shinichi Chiaki dreams of studying abroad and becoming a conductor like his mentor. Unfortunately, his fear of flying grounds his lofty plans! As he watches other classmates achieve what he has always wanted, Shinichi wonders if he should quit music altogether. Then one day he meets fellow student Megumi Noda, also known as Nodame. This oddball girl cannot cook, clean, or even read a music score, but she can play the piano in incomparable Cantabile style. And she teaches Chiaki something that he has forgotten: to enjoy his music, no matter where he is.",https://s4.anilist.co/file/anilistcdn/media/manga/cover/medium/bx30419-lT7p72ItXPNK.jpg,"College, Primarily Adult Cast, Heterosexual, Josei, Musical Theater",81,2001,2000s,https://www.amazon.com/s?k=9781682333082
Oh My Goddess!,Kōsuke Fujishima,Kodansha,Seinen,48,1988–2014,25million,0.52 million,Romance,1616558555,9.78162E+12,"A wrong number dialed from his dorm room on a Saturday night connects Keiichi Morisato to the Goddess Technical Help Line. When the goddess Belldandy shows up and tells him she will grant him one wish, he jokingly wishes that she would stay with him always. To both his and Belldandy's surprise, the wish is granted and Keiichi's life will never be the same.",https://s4.anilist.co/file/anilistcdn/media/manga/cover/medium/bx30446-jZGZDauOOb8Q.png,"Gods, Magic, Seinen, Primarily Adult Cast, Urban Fantasy",73,1988,classic,https://www.amazon.com/s?k=9781616558550
Parasyte,Hitoshi Iwaaki,Kodansha,Seinen,10,1988–1995,25million,2.50 million,Horror,None,9.7989E+12,"They arrive in silence and darkness. They descend from the skies. They have a hunger for human flesh. They are everywhere. They are parasites, alien creatures who must invade–and take control of–a human host to survive. And once they have infected their victims, they can assume any deadly form they choose: monsters with giant teeth, winged demons, creatures with blades for hands. But most have chosen to conceal their lethal purpose behind ordinary human faces. So no one knows their secret–except an ordinary high school student. Shin is battling for control of his own body against an alien parasite, but can he find a way to warn humanity of the horrors to come?",https://s4.anilist.co/file/anilistcdn/media/manga/cover/medium/bx30401-siY6wmwnHFi6.png,"Male Protagonist, Seinen, Body Horror, Aliens, Environmental",82,1989,classic,https://www.amazon.com/s?k=9798897224494
Rave Master,Hiro Mashima,Kodansha,Shōnen,35,1999–2005,23.5million,0.67 million,Adventure,1598160893,9.7816E+12,"The Continent of Song is in chaos. The sinister secret society known as Demon Card is using the power of Dark Bring to destroy everything in their path. The only things capable of stopping Dark Bring are the Rave stones. Unfortunately, the Rave Stones were scattered around the globe in an explosion 50 years ago, so now they must be collected by the Rave Master in order to stop Dark Bring once and for all. This new task has been given to Haru Glory; a sixteen-year-old boy from Garage Island. The World's fate now rests on the new, young Rave Master.",https://s4.anilist.co/file/anilistcdn/media/manga/cover/medium/nx30014-Q7yKgaHVVmUg.jpg,"Shounen, Male Protagonist, Time Manipulation, Female Protagonist, Travel",75,1999,classic,https://www.amazon.com/s?k=9781598160895
Rokudenashi Blues,Masanori Morita,Shueisha,Shōnen,42,1988–1997,60million,1.42 million,Action,None,,"Maeda is a new student in the Teiken High School. He stutters when he's nervous and he's rather clumsy. He gets noted immediately because he hits a teacher during the entrance ceremony. Some clubs search to enlist him as they see in him a force they can use to get even with other clubs. But Maeda is a loner and has only one dream: becoming boxing champion. His first objective is to beat the leader of the boxing club. ""Rokudenashi"" translates as ""good for nothing"".",https://s4.anilist.co/file/anilistcdn/media/manga/cover/medium/bx34444-wNgwisVPNhE4.png,"Delinquents, School, Boxing, Shounen, Episodic",74,1988,classic,https://www.amazon.com/s?k=nan
Rookies,Masanori Morita,Shueisha,Shōnen,24,1998–2003,21million,0.87 million,Sports,2845800150,9.78285E+12,"Koichi Kawato is the new Japanese teacher at the ill-famed Futakotamagawa high school, whose baseball club is composed of thugs and bullies who have been suspended for a year from all school competitions, for causing a brawl during an official match. The newly appointed teacher finds that the club members left are only interested in women, smoking and doing nothing until, under Kawato's guidance, they discover a new dream called the Koshien. However, the road to the Koshien is far from easy as many obstacles await them.",https://s4.anilist.co/file/anilistcdn/media/manga/cover/medium/bx30915-bimfJSD4pzdl.jpg,"Baseball, Delinquents, Coming of Age, Shounen, Teacher",82,1998,classic,https://www.amazon.com/s?k=9782845800151
Sailor Moon,Naoko Takeuchi,Kodansha,Shōjo,18,1991–1997,46million,2.55 million,Fantasy,None,9.7989E+12,"Usagi Tsukino is a normal girl until she meets up with Luna, a talking cat, who tells her that she is Sailor Moon. As Sailor Moon, Usagi must fight evils and enforce justice, in the name of the Moon and the mysterious Moon Princess. She meets other girls destined to be Sailor Senshi (Sailor Scouts), and together, they fight the forces of evil!",https://s4.anilist.co/file/anilistcdn/media/manga/cover/medium/bx30092-tjzz7ymlFfQu.png,"Shoujo, Primarily Female Cast, Reincarnation, Magic, Lost Civilization",79,1991,classic,https://www.amazon.com/s?k=9798897221929
Saint Seiya,Masami Kurumada,Shueisha,Shōnen,28,1986–1990,50million,1.78 million,Action,1421573504,9.78142E+12,"In Greek mythology, Athena, the daughter of Zeus, was born in full armor. By birthright the goddess of battle, she did not believe in conquest, and only fought defensive wars. Her battles with bloodthirsty gods and giants shook the very earth and seemed to last forever. On the battlefield, there were a group of youths that always surrounded and protected the goddess: the Knights of Athena! Flash forward to modern-day Greece: two Japanese tourists are shocked to see a mansized meteorite crash to the earth before them. It turns out to be young Seiya. Seiya must train harder than ever if he is to survive his match with the brutal Cassios! Whoever wins will receive the greatest prize known to man: the incredibly powerful Pegasus Cloth! -- VIZ Media",https://s4.anilist.co/file/anilistcdn/media/manga/cover/medium/bx31045-YUcWBMk7RpeK.png,"Shounen, Foreign, Gods, Cultivation, Mythology",70,1985,classic,https://www.amazon.com/s?k=9781421573502
Saiyuki,Kazuya Minekura,Square Enix (first series) Ichijinsha (second and third series),Shōnen/Jōsei,23,1997–present,25million,1.08 million,Adventure,1646593332,9.78165E+12,"Genjo is a Buddhist priest in the city of Shangri-La, which is being ravaged by yokai spirits that have fallen out of balance with the natural order. His superiors send him on a journey far to the west to discover why this is happening and how to stop it. His companions are three yokai with human souls. But this is no day trip—the four will encounter many discoveries and horrors on the way, and on the road, Genjo will wonder … can he really trust his supernatural companions?",https://s4.anilist.co/file/anilistcdn/media/manga/cover/medium/bx30509-dyDz0HuHxtpZ.jpg,"Primarily Male Cast, Shounen, Youkai, Male Protagonist, Classic Literature",72,1997,classic,https://www.amazon.com/s?k=9781646593330
Salary Man Kintaro,Hiroshi Motomiya,Shueisha,Seinen,30,1994–2002,34million,1.13 million,Drama,None,,"Retired ex-bike gang leader of the ""Hasshu"" Kintarou Yajima leaves his hometown where he worked as a fisherman until his wife, Akemi, passed away. With his son, Ryouta, they go to Tokyo, where Kintarou would start with his new job: a salaryman. Now, the question is: would Kintarou be able to handle the office work and office politics being a salaryman brings?",https://s4.anilist.co/file/anilistcdn/media/manga/cover/medium/bx40611-q5G9LJWzVY8F.jpg,"Seinen, Family Life, Male Protagonist, Work, Office",71,1994,classic,https://www.amazon.com/s?k=nan
Shaman King,Hiroyuki Takei,Shueisha/Kodansha,Shōnen,32/35,1998–2004,38million,1.08 million,Adventure,1646512006,9.78165E+12,"HEIR TO THE THRONE Shamans possess mysterious powers that allow them to commune with gods, spirits, and even the dead. High schooler Manta Oyamada doesn't know much about them, but that changes fast when his class welcomes a new transfer student from remote Izumo: Yoh Asakura, a shaman in training! Although he may just be starting out, Yoh’s dream is a big one: to become the Shaman King, the one and only shaman who may commune with the Great Spirit and help remake the world for the better. But the road to this pinnacle of spiritual power runs through the Shaman Fight: a gauntlet of battles with rival mediums who call forth dizzying powers from the world of the dead in their own bids for the crown. It’d be nice if Yoh had a little more time to train and mature...but the Shaman Fight is only held once every 500 years, so he’s going to have to grow up fast!",https://s4.anilist.co/file/anilistcdn/media/manga/cover/medium/bx42917-rgKGSzrU5nRm.jpg,"Twins, Male Protagonist, Primarily Male Cast, Shounen, Ghost",77,2008,2000s,https://www.amazon.com/s?k=9781646512003
Shizukanaru Don – Yakuza Side Story,Tatsuo Nitta,Jitsugyo no Nihon Sha,Seinen,108,1988–2013,45million,0.41 million,Action,None,,"This manga depicts the life of Shizuya Kondou, a man who designs underwear by day and is ""don"" of a gang at night.",https://s4.anilist.co/file/anilistcdn/media/manga/cover/medium/bx51308-ddH9wgqhbrX5.png,"Seinen, Yakuza, Male Protagonist",,1988,classic,https://www.amazon.com/s?k=nan
Shonan Junai Gumi,Tooru Fujisawa,Kodansha,Shōnen,31,1990–1996,45million,1.45 million,Action,None,,"Before Eikichi Onizuka would become the ""greatest teacher in the world,"" he and Ryuji Danma were members of the infamous biker gang, Oni Baku. When they weren't out riding around and getting into trouble, this duo could be found in school. Doing what you ask? Picking up young women of course!",https://s4.anilist.co/file/anilistcdn/media/manga/cover/medium/bx30445-ysmwZRgYsaY1.png,"Delinquents, Shounen, Gangs, Male Protagonist, Urban",80,1990,classic,https://www.amazon.com/s?k=nan
Shoot!,Tsukasa Ōshima,Kodansha,Shōnen,33,1990–2003,50million,1.51 million,Sports,6164913861,9.78616E+12,"Tanaka Toshiko, Hira Matsu Kazuhiro and Shira Ichi Kenji, the top high school player Of the 3 Chenchi School, accidentally decided to attend Kagagawa School The main reason that Tanaka has entered into the Kagagawa Football Club. That's because he is fascinated by Kubo Yoshi Haru's footsteps, but luck is not on the side because at this time, Kubo is sick and treating himself at the hospital !! While in the club Tanaka had a quarrel with Kamiya Asuchi, Deputy Captain of the Senior M.5, causing the match against the 4 and M.5 temple.",https://s4.anilist.co/file/anilistcdn/media/manga/cover/medium/bx34222-MGx21kG80XJT.jpg,"Football, School Club, Shounen, Primarily Male Cast, Tragedy",65,1990,classic,https://www.amazon.com/s?k=9786164913868
Terra Formars,"Yū Sasuga, Kenichi Tachibana",Shueisha,Seinen,22,2011–2018 (on hiatus),22million,1.00 million,Science Fiction,3842023421,9.78384E+12,"After humanity’s first manned mission to the Red Planet was lost, a second expedition arrives. The explorers prepare to exterminate the cockroaches that were used to transform the Martian environment, but are shocked to discover that the insects have mutated into giant, aggressive humanoids with one overriding goal—exterminate the humans! However, this crew of explorers has each undergone the “Bugs Procedure,” terrifying experimental surgery designed to make them more than human",https://s4.anilist.co/file/anilistcdn/media/manga/cover/medium/bx67563-AJqT7kcdBZqT.png,"Aliens, Henshin, Super Power, Tragedy, Seinen",69,2011,modern,https://www.amazon.com/s?k=9783842023420
The Chef,"Mai Tsurugina, Tadashi Katou",Nihon Bungeisha,Seinen,62,1986–2016 (on hiatus),35million,0.56 million,Culinary,None,,"Ajizawa is a renowned master chef, but he doesn’t have a restaurant. He is a “fixer”, a man who travels from place to place fixing menus and restaurants much like Gordon Ramsey, and he charges a fortune to do it. If your menu must be perfect to impress a foreign client, a head of state, or just a neighbor, Ajizawa is the man to do it. But why does he do it? Is it only the money, or is his mission much deeper",https://s4.anilist.co/file/anilistcdn/media/manga/cover/medium/bx119818-JfPuwPt3nGI9.png,"Seinen, Food, Male Protagonist",,1985,classic,https://www.amazon.com/s?k=nan
The Fable,Katsuhisa Minami,Kodansha,Seinen,26,2014–present,20million,1.53 million,Action,None,9.79889E+12,"One hitman is feared above all in Japan: the killing machine known as ""The Fable."" But is he really a tough guy or more of a...weirdo? After a particularly lucrative spree necessitates a break from his life of crime, the Fable faces his hardest assignment ever: living as a normal guy, with a cover story, an apartment, and a pet parrot! An Angouleme Official Selection Omnibus edition includes Vol. 1-2. Anime coming soon! The man called The Fable is a self-proclaimed ""genius at killing."" The mention of his codename strikes fear into the hearts of every yakuza in Japan. His talent has brought him everything he could want: money, respect, purpose. But this is no legend. He's just a man--a rather irritating man who loves stupid jokes and bad TV. After a bloody period of gang enforcement in Tokyo, the Fable's boss advises him to lie low and enjoy his earnings for a while. So begins the Fable's toughest mission yet: a full year living a normal life, at the other end of the bullet train, in Osaka. It's a mission he takes on with his usual professionalism and rigor. But can the Osaka mob let this legend rest? Or will they be unable to resist pulling him back into the underworld?",https://s4.anilist.co/file/anilistcdn/media/manga/cover/medium/bx94490-rdtpGHQHOHHC.jpg,"Yakuza, Seinen, Urban, Assassins, Guns",84,2014,modern,https://www.amazon.com/s?k=9798888772447
The Prince of Tennis,Takeshi Konomi,Shueisha,Shōnen,42,1999–2008,60million,1.42 million,Sports,1421550210,9.78142E+12,"There is a rumor going around that a twelve-year-old boy is going to enter the sixteen-year-old and under tennis group. How can someone so young ever hope to compete with kids much older and more experienced than him? This is no ordinary kid: he is none other than Ryoma Echizen, the Prince of Tennis! Ryoma's father was destined for greatness until he injured himself during a match, ending his career forever. His talent was passed on to his son, who is determined to be the best tennis player in the world. Can the prince gain the respect of his fellow teammates despite his small size and young age? Find out in this intense sports manga! -- VIZ Media",https://s4.anilist.co/file/anilistcdn/media/manga/cover/medium/bx30049-ipwZTsHitrhC.png,"Tennis, School, Anti-Hero, Primarily Male Cast, Male Protagonist",74,1999,classic,https://www.amazon.com/s?k=9781421550213
The Promised Neverland,"Kaiu Shirai, Posuka Demizu",Shueisha,Shōnen,20,2016–2020,41million,2.05 million,Mystery,1974701190,9.78197E+12,"Emma, Norman and Ray are the brightest kids at the Grace Field House orphanage. And under the care of the woman they refer to as “Mom,” all the kids have enjoyed a comfortable life. Good food, clean clothes and the perfect environment to learn—what more could an orphan ask for? One day, though, Emma and Norman uncover the dark truth of the outside world they are forbidden from seeing",https://s4.anilist.co/file/anilistcdn/media/manga/cover/medium/bx87423-gPNtu8QbGped.jpg,"Survival, Body Horror, Primarily Child Cast, Demons, Dystopian",79,2016,modern,https://www.amazon.com/s?k=9781974701193
The Rose of Versailles,Riyoko Ikeda,Shueisha,Shōjo,10,1972–1973,23million,2.30 million,Historical,1927925932,9.78193E+12,"Oscar François de Jarjeyes is a young noblewoman raised as a son by her father. As commander of Marie Antoinette's palace guard, Oscar is brought face-to-face with the luxury of King Louis XVI’s court at Versailles. Joined by her servant André, Oscar is privy to the intrigue and deceit of France's last great royal regime.",https://s4.anilist.co/file/anilistcdn/media/manga/cover/medium/bx30660-hBFkOt2Ab2Ti.jpg,"Shoujo, Class Struggle, Foreign, Historical, Politics",83,1972,classic,https://www.amazon.com/s?k=9781927925935
The Seven Deadly Sins,Nakaba Suzuki,Kodansha,Shōnen,41,2012–2020,37million,0.90 million,Adventure,1646513797,9.78165E+12,"When they were accused of trying to overthrow the monarchy, the feared warriors the Seven Deadly Sins were sent into exile. Princess Elizabeth discovers the truth the Sins were framed by the king's guard, the Holy Knights too late to prevent them from assassinating her father and seizing the throne! Now the princess is on the run, seeking the Sins to help her reclaim the kingdom. But the first Sin she meets, Meliodas, is a little innkeeper with a talking pig. He doesn't even have a real sword! Have the legends of the Sins' strength been exaggerated...?",https://s4.anilist.co/file/anilistcdn/media/manga/cover/medium/nx74485-mFbj0sQEcBur.jpg,"Shounen, Ensemble Cast, Demons, Super Power, Magic",69,2012,modern,https://www.amazon.com/s?k=9781646513796
The Silent Service,Kaiji Kawaguchi,Kodansha,Seinen,32,1988–1996,25million,0.78 million,Action,,,"During the cold war, the Japan Maritime Self-Defense Force jointly developed a nuclear submarine with the United States Navy. On its maiden voyage, the captain declares the submarine to be an independent state, ""Yamato.""",https://s4.anilist.co/file/anilistcdn/media/manga/cover/medium/bx48071-7NFEApUZJz73.png,"Military, Seinen, Male Protagonist, Primarily Male Cast, Primarily Adult Cast",,1989,classic,https://www.amazon.com/s?k=nan
Tokyo Ghoul,Sui Ishida,Shueisha,Seinen,30,2011–2018,47million,1.56 million,Horror,1421582988,9.78142E+12,"Shy Ken Kaneki is thrilled to go on a date with the beautiful Rize. But it turns out that she’s only interested in his body—eating it, that is. When a morally questionable rescue transforms him into the first half-human half-Ghoul hybrid, Ken is drawn into the dark and violent world of Ghouls, which exists alongside our own. -- VIZ Media",https://s4.anilist.co/file/anilistcdn/media/manga/cover/medium/b85710-OlD6yGX7yLdx.jpg,"Seinen, Gore, Survival, Food, Male Protagonist",64,2011,modern,https://www.amazon.com/s?k=9781421582986
Tokyo Revengers,Ken Wakui,Kodansha,Shōnen,28,2017–present,65million,2.32 million,Action,,9.79889E+12,"Hanagaki Takemichi was once a low-life punk, but after biting off more than he could chew with a gang in middle school, he ran away from his old life. Now that he’s an adult, the gang that once terrorized him has grown into the largest gang in Tokyo, and they’ve started killing people–including his old girlfriend! After learning this news, a mysterious force on a train platform shoves Takemichi right in front of an approaching train. As his life flashes before his eyes, he blinks to find himself transported back to middle school, before he fled from the gang! Now he has the chance to right what went wrong all those years ago. Can he save his girlfriend’s life in the future–and what else might he change if he’s rewriting the past?",https://s4.anilist.co/file/anilistcdn/media/manga/cover/medium/bx102988-OoVJxQCH6fbR.jpg,"Delinquents, Gangs, Time Manipulation, Time Skip, Tragedy",74,2017,modern,https://www.amazon.com/s?k=9798893731811
Toriko,Mitsutoshi Shimabukuro,Shueisha,Shōnen,43,2008–2016,25million,0.58 million,Adventure,1421546337,9.78142E+12,"This is the great era of gourmet food! And only Toriko can hunt down the ferocious ingredients that supply the world's best restaurants. As a Gourmet Hunter, Toriko tracks and defeats the tastiest and most dangerous animals with his bare hands. But has he met his match with an eight-legged alligator the size of a tank? -- VIZ Media",https://s4.anilist.co/file/anilistcdn/media/manga/cover/large/bx37887-eYfLTjygqwK8.png,"Food, Primarily Adult Cast, Super Power, Animals, Shounen",75,2005,2000s,https://www.amazon.com/s?k=9781421546339
Tsubasa: Reservoir Chronicle,Clamp,Kodansha,Shōnen,28,2003–2009,21million,0.71 million,Adventure,1612625959,9.78161E+12,"This is the story of four travelers, bound by fate and by prophesied future. Sakura is the princess of Clow Country, and possessor of a strange power that promises to change the world. Syaoran is an aspiring archaeologist and her childhood friend. When Sakura is endangered by the plan a certain man has for the future, the princess' memories are scattered across dimensions in the form of feathers, and Syaoran is forced to go on a desperate journey to retrieve them. They are accompanied by Fay D. Flourite, a magician running from the horrible truth of his past, and Kurogane, a rough-mannered ninja trying to get back to his world. However, the ability to cross worlds demands a great price, and each of them must pay the Dimensional Witch with what he or she values most. In order to save his princess, Syaoran must give up his relationship with her. Even if he gathers all of Sakura's memories, she will never remember their past together...",https://s4.anilist.co/file/anilistcdn/media/manga/cover/medium/bx30009-09bbURlklWWL.jpg,"Travel, Alternate Universe, Magic, Crossover, Found Family",80,2003,2000s,https://www.amazon.com/s?k=9781612625959
Urusei Yatsura,Rumiko Takahashi,Shogakukan,Shōnen,34,1978–1987,35million,1.02 million,Comedy,1974709914,9.78197E+12,"In a high-stakes game of tag, Ataru must touch Lum’s horns in ten days—or aliens will take over the earth! The fact that Lum can fly doesn’t make Ataru’s job any easier. As it turns out, the game of tag is only the beginning of Ataru’s troubles, as he continues to attract strange encounters with otherworldly beings like beautiful snow spirit Oyuki and the sexy crow goblin Princess Kurama! -- VIZ Media",https://s4.anilist.co/file/anilistcdn/media/manga/cover/medium/bx30304-jAQt0fJkMgUd.jpg,"Surreal Comedy, Aliens, Episodic, Slapstick, Shounen",76,1978,classic,https://www.amazon.com/s?k=9781974709915
Ushijima the Loan Shark,Shohei Manabe,Shogakukan,Seinen,46,2004–2019,21million,0.45 million,Drama,,9.78409E+12,"In recent years, Japan has become the shining light of Asia, with its noteworthy achievements in the fields of Science and Technology, Medicine and the like. But while there are a great number of rich and successful Japanese people, there are even more who're engaged in a furious struggle simply to earn their day-to-day living expenses -- all the while battling dangerous and money-consuming addictions such as gambling and alcoholism. What will these people do when they require the cash to feed the never-ending desires that are part and parcel of being human? How miserable and dangerous might their lives become if they fall into traps set by black market money-lenders to ensnare just such weak-willed individuals?",https://s4.anilist.co/file/anilistcdn/media/manga/cover/medium/bx38593-awJo5dAgEuqj.png,"Seinen, Crime, Prostitution, Yakuza, Tragedy",69,2004,2000s,https://www.amazon.com/s?k=9784091873415
Worst,Hiroshi Takahashi,Akita Shoten,Shōnen,33,2002–2013,35million,1.06 million,Action,,9.78157E+12,"The main character, Hana Tsukishima, a freshman at Suzuran, comes from a very distant countryside in Japan. Although gentle and warm hearted, Hana is a tough fighter who has no problem facing several opponents at one time. His ambition is to claim the ""bancho"" status (the head) and unify/bring order to Suzuran by defeating whomever comes in his way with the support of both his friends and upperclassmen who are drawn to his strength and character. At other times, he must fight thugs from rival schools and gangs.",https://s4.anilist.co/file/anilistcdn/media/manga/cover/medium/bx31741-7LLF2YLnSef2.jpg,"Delinquents, Shounen, Primarily Male Cast, School, Coming of Age",79,2001,2000s,https://www.amazon.com/s?k=9781569709832
Yu-Gi-Oh!,Kazuki Takahashi,Shueisha,Shōnen,38,1996–2004,40million,1.05 million,Adventure,1421567431,9.78142E+12,"Sitting by himself in the back of the class, 10th-grader Yugi always had his head in some game--until he solved the Millennium Puzzle, an Egyptian artifact containing a powerful spirit from the age of the pharoahs! Awakened after three thousand years, the King of Games possesses Yugi, recklessly challenging bullies and evildoers to the Shadow Games, where the stakes are high, and even the most ordinary bet may result in weirdness and danger beyond belief! Let the games…begin!",https://s4.anilist.co/file/anilistcdn/media/manga/cover/medium/b94558-sgjua8C2McpZ.png,"Historical, School, Shounen, Card Battle",60,1999,classic,https://www.amazon.com/s?k=9781421567433
Yūkan Club,Yukari Ichijo,Shueisha,Shōjo,19,1982–2002,25million,1.31 million,Mystery,,9.78409E+12,"St. President school is one of the most prestigious schools around. Everybody in this school respects the Yuukan club, the richest and most popular group in the school. Its members - Bidou Granmarnier, Shouchikubai Miroku, Kenbishi Yuuri, Kikumasamune Seishirou, Hakushika Noriko and Kizakura Karen - go through dangerous adventures to save their schoolmates and, of course, to kill time.",https://s4.anilist.co/file/anilistcdn/media/manga/cover/medium/bx34244-F8gmOYWVZtPi.png,"School, Crime, Episodic, Shoujo, School Club",65,1981,classic,https://www.amazon.com/s?k=9784086176019
YuYu Hakusho,Yoshihiro Togashi,Shueisha,Shōnen,19,1990–1994,50million,2.63 million,Action,1569319049,9.78157E+12,"A delinquent’s gotta do what he’s gotta do…in the afterlife. Yusuke Urameshi was a tough teen delinquent until one selfless act changed his life...by ending it. When he died saving a little kid from a speeding car, the afterlife didn't know what to do with him, so it gave him a second chance at life. Now, Yusuke is a ghost with a mission, performing good deeds at the beshest of Botan, the spirit guide of the dead, and Koenma, her pacifier-sucking boss from the ""other side."" But what strange things await him on the borderline between life and death?",https://s4.anilist.co/file/anilistcdn/media/manga/cover/medium/bx30053-wCR6xyGzeUYo.png,"Shounen, Super Power, Primarily Male Cast, Demons, Cultivation",80,1990,classic,https://www.amazon.com/s?k=9781569319048
Zatch Bell!,Makoto Raiku,Shogakukan,Shōnen,33,2001–2007,23.8million,0.72 million,Adventure,8416788677,9.78842E+12,"Fourteen-year-old Kiyo, an arrogant genius who is teased mercilessly at school, is given a strange boy, Zatch Bell, for his birthday to help him make friends, but Zatch turns out to have strange powers that change Kiyo's life forever.",https://s4.anilist.co/file/anilistcdn/media/manga/cover/medium/bx30869-74jlFKeVhvsG.jpg,"Battle Royale, Shounen, Magic, Male Protagonist, Survival",82,2001,2000s,https://www.amazon.com/s?k=9788416788675
Solo Leveling,Chugong,D&C Media,Webtoon,28,2018–2021,,,Action,,9.78198E+12,"In a world where awakened beings called “Hunters” must battle deadly monsters to protect humanity, Seong Jin-U, nicknamed “the weakest hunter of all mankind,” finds himself in a constant struggle for survival. One day, after a brutal encounter in an overpowered dungeon wipes out his party and threatens to end his life, a mysterious System chooses him as its sole player: Jin-U has been granted the rare opportunity to level up his abilities, possibly beyond any known limits. Follow Jin-U’s journey as he takes on ever-stronger enemies, both human and monster, to discover the secrets deep within the dungeons and the ultimate extent of his powers.",https://s4.anilist.co/file/anilistcdn/media/manga/cover/medium/bx105398-b673Vt5ZSuz3.jpg,"Dungeon, Male Protagonist, Super Power, War, Full Color",84,2018,modern,https://www.amazon.com/s?k=9781975319434
Vinland Saga,Makoto Yukimura,Kodansha,Seinen,16,2005–present,,,Action,,9.78161E+12,"As a child, Thorfinn sat at the feet of the great Leif Ericson and thrilled to wild tales of a land far to the west. But his youthful fantasies were shattered by a mercenary raid. Raised by the Vikings who murdered his father, Thorfinn became a terrifying warrior, forever seeking to kill the band's leader, Askeladd, and avenge his father. Sustaining Thorfinn through his ordeal are his pride in his family and his dreams of a fertile westward land, a land without war or slavery … the land Leif called Vinland.",https://s4.anilist.co/file/anilistcdn/media/manga/cover/medium/bx30642-0mjRDkf4THpo.jpg,"Rehabilitation, Historical, Vikings, Coming of Age, Foreign",90,2005,2000s,https://www.amazon.com/s?k=9781612624204
Horimiya,HERO,Square Enix,Shōnen,,2011–2021,,,Romance,,9.78032E+12,"At school, Kyouko Hori is known for being smart, attractive, and popular. On the other hand, her classmate, the boring, gloomy Izumi Miyamura tends to get painted as a ""loser fanboy."" But when a liberally pierced and tattooed (not to mention downright gorgeous) Miyamura appears unexpectedly on the doorstep of secretly plain-Jane homebody Hori, these two similarly dissimilar teenagers discover that there are multiple sides to every story...and person!",https://s4.anilist.co/file/anilistcdn/media/manga/cover/medium/bx72451-vVXtRwyttjGG.png,"Heterosexual, Female Protagonist, Male Protagonist, Primarily Teen Cast, Tsundere",82,2011,modern,https://www.amazon.com/s?k=9780316342032
Omniscient Reader,singNsong,Naver Webtoon,Webtoon,28,2020–present,,,Action,,9.7984E+12,"Back then, Dok-Ja had no idea. He had no idea his favorite web novel 'Three Ways to Survive the Apocalypse' was going to come to life, and that he would become the only person to know how the world was going to end. He also had no idea he would end up becoming the protagonist of this novel-turned-reality. Now, Dok-Ja will go on a journey to change the course of the story and save humankind once and for all.",https://s4.anilist.co/file/anilistcdn/media/manga/cover/medium/bx119257-Pi21aq3ey9GG.jpg,"Survival, Post-Apocalyptic, Death Game, Full Color, Meta",86,2020,modern,https://www.amazon.com/s?k=9798400901065
Kaguya-sama: Love is War,Aka Akasaka,Shueisha,Seinen,30,2015–2022,,,Comedy,,9.78197E+12,"As leaders of their prestigious academy’s student council, Kaguya and Miyuki are the elite of the elite! But it’s lonely at the top… Luckily for them, they’ve fallen in love! There’s just one problem—they both have too much pride to admit it. And so begins the daily scheming to get the object of their affection to confess their romantic feelings first… Love is a war you win by losing.",https://s4.anilist.co/file/anilistcdn/media/manga/cover/medium/bx86635-EdaLQmsn86Fy.png,"School, Heterosexual, Tsundere, Primarily Teen Cast, Female Protagonist",88,2015,modern,https://www.amazon.com/s?k=9781974700301
Blue Lock,Muneyuki Kaneshiro,Kodansha,Shōnen,15,2018–present,,,Sports,,9.78165E+12,"After a disastrous defeat at the 2018 World Cup, Japan's team struggles to regroup. But what's missing? An absolute Ace Striker, who can guide them to the win. The Japan Football Union is hell-bent on creating a striker who hungers for goals and thirsts for victory, and who can be the decisive instrument in turning around a losing match...and to do so, they've gathered 300 of Japan's best and brightest youth players. Who will emerge to lead the team...and will they be able to out-muscle and out-ego everyone who stands in their way?",https://s4.anilist.co/file/anilistcdn/media/manga/cover/medium/bx106130-yPNeuSu75ey1.jpg,"Football, Male Protagonist, Battle Royale, Athletics, Primarily Male Cast",82,2018,modern,https://www.amazon.com/s?k=9781646516544
Dandadan,Yukinobu Tatsu,Shueisha,Shōnen,36,2021–present,,,Action,,9.78197E+12,"Momo Ayase strikes up an unusual friendship with her school’s UFO fanatic, whom she nicknames “Okarun” because he has a name that is not to be said aloud. While Momo believes in spirits, she thinks aliens are nothing but nonsense. Her new friend, meanwhile, thinks the exact opposite. To settle matters, the two set out to prove each other wrong—Momo to a UFO hotspot and Okarun to a haunted tunnel! What unfolds next is a beautiful story of young love…and oddly horny aliens and spirits?",https://s4.anilist.co/file/anilistcdn/media/manga/cover/medium/bx132029-prGF4gePdSKv.jpg,"Urban Fantasy, Youkai, Aliens, Ghost, Super Power",83,2021,modern,https://www.amazon.com/s?k=9781974734634
Black Clover,Yūki Tabata,Shueisha,Shōnen,,2015–present,,,Action,,9.78142E+12,"Young Asta was born with no magic ability in a world where magic is everything. In order to prove his strength and keep a promise with his friend, Asta dreams of becoming the greatest mage in the land, the Wizard King!",https://s4.anilist.co/file/anilistcdn/media/manga/cover/medium/bx114652-b4VxxYpvU8id.png,"Shounen, Magic, Male Protagonist, Swordplay",68,2014,modern,https://www.amazon.com/s?k=9781421587189
Tower of God,SIU,Naver Webtoon,Webtoon,8,2010–present,,,Action,,9.78199E+12,"Bam, who was alone all his life has entered the tower to chase after his only friend, Rachel, but how will he survive without having any special strength or power? “What do you desire? Money and wealth? Honor and pride? Authority and power? Revenge? Or something that transcends them all? Whatever you desire—it's here.""",https://s4.anilist.co/file/anilistcdn/media/manga/cover/medium/bx85143-23oup3ETbFJk.jpg,"Super Power, Ensemble Cast, Full Color, War, Conspiracy",81,2010,modern,https://www.amazon.com/s?k=9781990259906
Fire Punch,Tatsuki Fujimoto,Shueisha,Shōnen,7,2016–2018,,,Drama,,9.78142E+12,"Orphaned siblings Agni and Luna, like the Ice Witch who cursed their world, are two of the “blessed,” humans who hold special abilities. However, not all who are blessed are friendly, and after another of their kind attacks Agni and decimates the orphans' village, Agni fights to survive, vowing revenge.",https://s4.anilist.co/file/anilistcdn/media/manga/cover/medium/bx87170-nyuwcN7rU4pc.jpg,"Post-Apocalyptic, Suicide, Tragedy, Dystopian, Revenge",78,2016,modern,https://www.amazon.com/s?k=9781421597171
A Silent Voice,Yoshitoki Ōima,Kodansha,Shōnen,26,2013–2014,,,Drama,,9.78163E+12,"Shouya is a bully. When Shouko, a girl who can't hear, enters his elementary school class, she becomes their favorite target, and Shouya and his friends goad each other into devising new tortures for her. But the children's cruelty goes too far. Shouko is forced to leave the school, and Shouya ends up shouldering all the blame. Six years later, the two meet again. Can Shouya make up for his past mistakes, or is it too late?",https://s4.anilist.co/file/anilistcdn/media/manga/cover/medium/bx85135-11OOnyaqV71k.png,"Rehabilitation, Language Barrier, Bullying, Coming of Age, Disability",87,2013,modern,https://www.amazon.com/s?k=9781632360564
Dr. STONE,Riichiro Inagaki,Shueisha,Shōnen,3,2017–2022,,,Science Fiction,,9.78197E+12,"One fateful day, all of humanity was petrified by a blinding flash of light. After several millennia, high schooler Taiju awakens and finds himself lost in a world of statues. However, he’s not alone! His science-loving friend Senku’s been up and running for a few months and he's got a grand plan in mind—to kickstart civilization with the power of science!",https://s4.anilist.co/file/anilistcdn/media/manga/cover/medium/b98416-L44f4idEGMAX.jpg,"Post-Apocalyptic, Survival, Ensemble Cast, Educational, Male Protagonist",81,2017,modern,https://www.amazon.com/s?k=9781974702619
Uzumaki,Junji Ito,Shogakukan,Seinen,23,1998–1999,,,Horror,,9.78142E+12,"Kurozu-cho, a small fogbound town on the coast of Japan, is cursed. According to Shuichi Saito, the withdrawn boyfriend of teenager Kirie Goshima, their town is haunted not by a person or being but by a pattern: uzumaki, the spiral, the hypnotic secret shape of the world. It manifests itself in small ways: seashells, ferns, whirlpools in water, whirlwinds in air. And in large ways: the spiral marks on people's bodies, the insane obsessions of Shuichi's father, the voice from the cochlea in your inner ear. As the madness spreads, the inhabitants of Kurouzu-cho are pulled ever deeper, as if into a whirlpool from which there is no return.",https://s4.anilist.co/file/anilistcdn/media/manga/cover/medium/bx30436-Opk9ZubMPuDU.jpg,"Tragedy, Body Horror, Cosmic Horror, Seinen, Survival",79,1998,classic,https://www.amazon.com/s?k=9781421513898
Dorohedoro,Q Hayashida,Shogakukan,Seinen,16,2000–2018,,,Action,,9.78142E+12,"In a city so dismal it's known only as ""the Hole,"" a clan of Sorcerers have been plucking people off the streets to use as guinea pigs for atrocious ""experiments"" in the black arts. In a dark alley, Nikaido found Caiman, a man with a reptile head and a bad case of amnesia. To undo the spell, they're hunting and killing the Sorcerers in the Hole, hoping that eventually they'll kill the right one. But when En, the head Sorcerer, gets word of a lizard-man slaughtering his people, he sends a crew of ""cleaners"" into the Hole, igniting a war between two worlds.",https://s4.anilist.co/file/anilistcdn/media/manga/cover/medium/bx31133-Jx6map3Oidz1.png,"Dissociative Identities, Magic, Ensemble Cast, Anti-Hero, Amnesia",86,2000,2000s,https://www.amazon.com/s?k=9781421533636
SAKAMOTO DAYS,Yuto Suzuki,Shueisha,Shōnen,16,2020–present,,,Action,,9.78197E+12,"Taro Sakamoto was the ultimate assassin, feared by villains and admired by hitmen. But one day...he fell in love! Retirement, marriage, fatherhood and then... Sakamoto gained weight! The chubby guy who runs the neighborhood store is actually a former legendary hitman! Can he protect his family from danger? Get ready to experience a new kind of action comedy series!",https://s4.anilist.co/file/anilistcdn/media/manga/cover/medium/bx125828-p78Z8SflkfmO.jpg,"Assassins, Family Life, Crime, Found Family, Primarily Male Cast",81,2020,modern,https://www.amazon.com/s?k=9781974728947
Mob Psycho 100,ONE,Shogakukan,Shōnen,,2012–2017,,,Action,,9.78151E+12,"Do you or someone you know need an exorcist who works cheap? Reigen's your guy! What's his secret to busting ghosts while keeping prices low? Well, first, he's a fraud, and second, he pays the guy who's got the real psychic power—his student assistant Shigeo—less than minimum wage. Shigeo is an awkward but kind boy whose urge to help others and get along with them is bound up with the mental safety locks he's placed on his own emotions. Reigen knows he needs to exploit Shigeo to stay in business, yet for better or worse he's also his mentor and counselor. And he also knows whenever the normally repressed kid's emotions reach level 100, it may unleash more psychic energy than either of them can handle!",https://s4.anilist.co/file/anilistcdn/media/manga/cover/medium/nx85189-06aXUBq5jwce.jpg,"Coming of Age, Philosophy, Super Power, Urban Fantasy, Ghost",85,2012,modern,https://www.amazon.com/s?k=9781506709871
The God of High School,,Naver Webtoon,,,,,,Action,,9.78199E+12,"Mori Jin is a high school student and Taekwondo specialist who enters ""The God of High School,"" a fighting tournament that promises the winner anything they want. What began as a competition to seek out the best high school fighter soon reveals itself to be part of a much greater plot that goes beyond Mori's wildest imagination. What will he give to become a true god?",https://s4.anilist.co/file/anilistcdn/media/manga/cover/medium/bx85141-qHR957V3FVco.png,"Martial Arts, Super Power, Gods, Full Color, Mythology",76,2011,modern,https://www.amazon.com/s?k=9781990778742
Gachiakuta,Kei Urana,Kodansha,Shōnen,22,2022–present,,,Action,,9.79889E+12,"A boy lives in a floating town, where the poor scrape by and the rich live a sumptuous life, simply casting their garbage off the side, into the abyss. When he’s falsely accused of murder, though, his wrongful conviction leads to an unimaginable punishment—exile off the edge, with the rest of the trash. Down on the surface, the cast-off waste of humanity has bred vicious monsters, and to travel the path to vengeance against those who cast him into Hell, a boy will have to become a warrior…",https://s4.anilist.co/file/anilistcdn/media/manga/cover/medium/bx144946-cscic3n2SwdY.jpg,"Ensemble Cast, Shounen, Male Protagonist, Post-Apocalyptic, Revenge",79,2022,modern,https://www.amazon.com/s?k=9798888770207
BEASTARS,Paru Itagaki,Akita Shoten,Shōnen,15,2016–2020,,,Drama,,9.78197E+12,"One night at Cherryton Academy, an herbivore student is brutally murdered. Among the members of the Drama Club, the herbivores’ suspicions naturally turn to their carnivore classmates… The prime suspect? Gray wolf Legoshi. But he wouldn’t hurt a fly. Or would he? Will dwarf rabbit Haru bring out the beast in him? Or are his feelings for her…something else?",https://s4.anilist.co/file/anilistcdn/media/manga/cover/medium/bx98587-useiMvZ0nfya.png,"Anthropomorphism, Animals, Coming of Age, Male Protagonist, Cannibalism",81,2016,modern,https://www.amazon.com/s?k=9781974707980
Akame ga Kill!,Takahiro,Square Enix,Shōnen,25,2010–2016,,,Action,,9.78032E+12,"Teenage country bumpkin Tatsumi dreams of earning enough money for his impoverished village by working in the Capital--but his short-lived plans go awry when he's robbed by a buxom beauty upon arrival! Penniless, Tatsumi is taken in by the lovely Miss Aria, but just when his Capital dreams seem in reach yet again, Miss Aria's mansion is besieged by Night Raid--a team of ruthless assassins who targets high-ranking members of the upper class! As Tatsumi is quick to learn, appearances can be deceiving in the Capital, and this team of assassins just might be...the good guys?!",https://s4.anilist.co/file/anilistcdn/media/manga/cover/medium/bx55132-bhKk5JoXcvdA.jpg,"Assassins, Shounen, Tragedy, Gore, War",74,2010,modern,https://www.amazon.com/s?k=9780316259460
Soul Eater,Atsushi Ohkubo,Square Enix,Shōnen,15,2004–2013,,,Action,,9.78076E+12,"Maka is a scythe meister, working to perfect one particular scythe until it is good enough to become Death's Weapon -- the weapon used by Shinigami-sama, the spirit of Death himself. As if that wasn't unusual enough, her scythe is a demon scythe called Soul Eater, which can change form from a scythe to a human-looking boy. In order to make Soul Eater powerful enough to be Death's Weapon, he must eat the souls of 99 humans and 1 witch. Along the way, the two of them face many different challenges, including a cat witch named Blair (who happens to have a thing for Soul) and a teacher who's been turned into a zombie (and wants him to join her!). Her fellow students, like the shadow ninja weapon meister named Black Star who always needs to be the center of attention, aren't much help, either. It'll be a miracle if Maka even survives, let alone manages to make Soul Eater into the Death Scythe.",https://s4.anilist.co/file/anilistcdn/media/manga/cover/medium/bx30908-nk6Ct4euJelZ.jpg,"Ensemble Cast, Magic, Henshin, Shounen, Super Power",80,2003,2000s,https://www.amazon.com/s?k=9780759530010
ReLife,Yayoiso,Comico,Seinen,25,2013–2018,,,Romance,,9.78384E+12,"Returning home from his part-time job, Arata is persuaded by Ryou Yoake, an employee of ReLife Research Institute, into participating in an experiment which will help him overcome his difficulties and re-enter corporate life. As part of the ReLife experiment, Arata's physique is reverted to that of a 17-year-old, and all he must do is relive his high school life for one year. Waiting for him at the end of the experiment is a job offer that he has been struggling to get ever since he left his first company. With few other options, he decides to go along with this plan. However, with adult-like tendencies and many years since his last formal education, Arata steps into an unexpectedly challenging territory—a normal day of high school.",https://s4.anilist.co/file/anilistcdn/media/manga/cover/medium/nx85849-TYAa7nhwSvbx.jpg,"Memory Manipulation, Age Regression, Shapeshifting, School, Full Color",85,2013,modern,https://www.amazon.com/s?k=9783842055124
Bungou Stray Dogs,Kafka Asagiri,Kadokawa,Seinen,6,2012–present,,,Action,,9.78032E+12,"Having been kicked out of the orphanage, a despairing young man by the name of Atsushi Nakajima rescues a strange man from a suicide attempt--Osamu Dazai. Turns out that Dazai is part of an armed-detective agency staffed by individuals whose supernatural powers take on a literary bent!",https://s4.anilist.co/file/anilistcdn/media/manga/cover/medium/bx85307-23PaGq5FakEV.png,"Detective, Urban Fantasy, Super Power, Mafia, Crime",83,2012,modern,https://www.amazon.com/s?k=9780316554701
AKIRA,Katsuhiro Otomo,Kodansha,Seinen,14,1982–1990,,,Action,,9.78194E+12,"Welcome to Neo-Tokyo, built on the ashes of a Tokyo annihilated by a blast of unknown origin that triggered World War III. The lives of two streetwise teenage friends, Tetsuo and Kaneda, change forever when paranormal abilities begin to waken in Tetsuo, making him a target for a shadowy agency that will stop at nothing to prevent another catastrophe like the one that leveled Tokyo. At the core of the agency's motivation is a raw, all-consuming fear of an unthinkable, monstrous power known only as Akira.",https://s4.anilist.co/file/anilistcdn/media/manga/cover/medium/bx30664-JJq9tosQvlpW.jpg,"Dystopian, Cyberpunk, Military, Post-Apocalyptic, Seinen",84,1982,classic,https://www.amazon.com/s?k=9781935429005
The Apothecary Diaries,Natsu Hyuuga,Shogakukan,Seinen,,2017–present,,,Mystery,,9.78165E+12,"Maomao, a young woman trained in the art of herbal medicine, is forced to work as a lowly servant in the inner palace. Though she yearns for life outside its perfumed halls, she isn’t long for a life of drudgery! Using her wits to break a “curse” afflicting the imperial heirs, Maomao attracts the attentions of the handsome eunuch Jinshi and is promoted to attendant food taster. But Jinshi has other plans for the erstwhile apothecary, and soon Maomao is back to brewing potions and…solving mysteries?!",https://s4.anilist.co/file/anilistcdn/media/manga/cover/medium/nx99022-Hh2WdyNgR8HM.jpg,"Female Protagonist, Medicine, Detective, Historical, Ancient China",85,2017,modern,https://www.amazon.com/s?k=9781646090709
Wind Breaker,Yongseok Jo,Kadokawa,Webtoon,9,2013–present,,,Sports,,9.78165E+12,"Haruka Sakura wants nothing to do with weaklings—he's only interested in the strongest of the strong. He's from Fuurin High School, a school of near-dropout degenerates known only for their brawling strength. And in a town known for its territorial disputes, Haruka's got only one goal—become the hero his town deserves.",https://s4.anilist.co/file/anilistcdn/media/manga/cover/medium/bx135083-TQbNFWKGJJHW.jpg,"Delinquents, Male Protagonist, Primarily Male Cast, Gangs, Shounen",80,2021,modern,https://www.amazon.com/s?k=9781646518357
Given,Natsuki Kizu,Naver Webtoon,Josei,18,2013–present,,,Drama,,9.78197E+12,"Ritsuka Uenoyama is bored with it all—with school, with his basketball club, and even with his one true passion: playing guitar. That is, until the day he finds his favorite hidden napping spot occupied by a strange boy cradling a broken-stringed guitar. At first, Uenoyama is nonplussed by Mafuyu Sato and his slightly odd behavior, but when, on a whim, he asks Mafuyu to sing, the power of that song pierces him to the core.",https://s4.anilist.co/file/anilistcdn/media/manga/cover/medium/bx87347-GOCU76cl37dK.png,"Boys' Love, Band, LGBTQ+ Themes, Rehabilitation, Musical Theater",83,2013,modern,https://www.amazon.com/s?k=9781974711826
Maid-sama!,Hiro Fujiwara,Shinshokan,Shōjo,34,2006–2013,,,Romance,,9.78143E+12,"The class president has a little secret she's keeping from everyone in her high school... As President of the Student Council, the overachieving feminist Misaki really socks it to the guys in an attempt to make the former all-boys' school attract a more female student body. But what will she do when the most awesome boy in class finds out Misaki's part-time job is in a maid café?! It's love at first fight in this shojo romantic comedy—with a whole new look at the battle between the genres!",https://s4.anilist.co/file/anilistcdn/media/manga/cover/medium/bx32921-joMcvusRyZV6.jpg,"Shoujo, Female Protagonist, Heterosexual, Tsundere, School",81,2005,2000s,https://www.amazon.com/s?k=9781427814036
BECK,Harold Sakuishi,Hakusensha,Shōnen,19,1999–2008,,,Music,,9.78888E+12,"For the first 14 years of his life, Yukio Tanaka has been one heck of a boring guy. He has no hobbies, a weak taste in music, and only a small vestige of a personality. He yearns for an exciting life, but his shy, and somewhat neurotic personality make him his own worst enemy. Little does he know that his life will be forever changed when he meets Ryusuke Minami, a wild and unpredictable 16 year-old fresh from America, who happens to be in a rock-and-roll band named after his Frankenstein-like patched dog—Beck.",https://s4.anilist.co/file/anilistcdn/media/manga/cover/medium/bx30145-ipNuwNgD5AJS.png,"Band, Coming of Age, Male Protagonist, Rock Music, Primarily Male Cast",86,2000,2000s,https://www.amazon.com/s?k=9788882130220
Banana Fish,Akimi Yoshida,Kodansha,Shōjo,2,1985–1994,,,Action,,9.78157E+12,"Nature made Ash Lynx beautiful; nurture made him a cold ruthless killer. A runaway brought up as the adopted heir and sex toy of ""Papa"" Dino Golzine, Ash, now at the rebellious age of seventeen, forsakes the kingdom held out by the devil who raised him. But the hideous secret that drove Ash's older brother mad in Vietnam has suddenly fallen into Papa's insatiably ambitious hands--and it's exactly the wrong time for Eiji Okamura, a pure-hearted young photographer from Japan, to make Ash Lynx's acquaintance...",https://s4.anilist.co/file/anilistcdn/media/manga/cover/medium/bx30756-rlxjQWBAizHX.jpg,"Mafia, Tragedy, Gangs, Conspiracy, Noir",85,1985,classic,https://www.amazon.com/s?k=9781569319727
Takopi's Original Sin,Taizan5,Shogakukan,Shōnen,10,2021–2022,,,Drama,,9.78197E+12,"Takopi travels from his home of Happy Planet to spread happiness across Earth, but meets the unsmiling Shizuka upon landing. Her friends at school and home life seem to be the source of her somber expression—and the pure-hearted Takopi is determined to change things for the better! But what truths await him when the curtains rise in this shocking drama?!",https://s4.anilist.co/file/anilistcdn/media/manga/cover/medium/bx142568-xPC5wQPxTV1s.jpg,"Bullying, Tragedy, Denpa, Aliens, Time Manipulation",77,2021,modern,https://www.amazon.com/s?k=9781974740345
HELLSING,Kouta Hirano,Shueisha,Seinen,26,1997–2008,,,Action,,9.78151E+12,"Hellsing, a secret organization of the British government, have long been battling supernatural threats to keep the people safe from creatures of the night. The current leader, Integra Wingates Hellsing controls her own personal army to eliminate the undead beings, but even her highly trained soldiers pale in comparison to her most trusted vampire exterminator, a man by the name of Alucard, who is actually a powerful vampire himself. Along with Integra's mysterious butler and Alucard's new vampire minion, Seras Victoria, The Hellsing Organization must face not only regular ghouls and vampires, but a rivaling secret organization from the Vatican, and Millennium, an enigmatic group of madmen spawned by a certain war over 50 years ago",https://s4.anilist.co/file/anilistcdn/media/manga/cover/medium/bx39760-ttrfuONSRq54.png,"Guns, Vampire, Male Protagonist, Nudity, Gore",51,1996,classic,https://www.amazon.com/s?k=9781506738505
The Disastrous Life of Saiki K.,Shūichi Asō,Shōnen Gahōsh,Shōnen,28,2012–2018,,,Comedy,,9.78409E+12,"Saiki Kusuo has a wide array of superpowers at his command, including telepathy and telekinesis. This might sound awesome, but, in Kusuo's experience, superpowers are not all they're cracked up to be. He tries to live a normal life, despite his annoying abilities.",https://s4.anilist.co/file/anilistcdn/media/manga/cover/medium/bx67755-pP4eYGRHFzaM.jpg,"Super Power, School, Male Protagonist, Shounen, Aromantic",82,2012,modern,https://www.amazon.com/s?k=9784088705040
Erased,Kei Sanbe,Kadokawa Shoten,Seinen,9,2012–2016,,,Drama,,9.78032E+12,"Twenty-nine-year-old Satoru Fujinuma is floundering through life. Amid his daily drudgery, he finds himself in the grip of an incredible, inexplicable, and uncontrollable phenomenon that rewinds time, a condition that seems to only make his drab life worse. But then, one day, everything changes. A terrible incident forever changes Satoru's life as he knows it...and with it, comes a ""Revival"" that sends Satoru eighteen years into the past! In the body of his boyhood self, Satoru encounters sights he never imagined he would see again--the smile of his mother, alive and well, his old friends, and Kayo Hinazuki, the girl who was kidnapped and murdered when he was a boy the first time around. To return to the present and prevent the tragedy that brought him back to his childhood in the first place, Satoru begins plotting a way to change Hinazuki's fate...But up against the clock and a faceless evil, does eleven-year-old Satoru even stand a chance?",https://s4.anilist.co/file/anilistcdn/media/manga/cover/large/bx69325-17ud19Cg0xIO.jpg,"Crime, Primarily Child Cast, Age Regression, Male Protagonist, Time Manipulation",80,2012,modern,https://www.amazon.com/s?k=9780316553315
